ID,Application Address,Geocode Address,Map-Lot,Neighborhood,Year Permitted,Fiscal Year Permitted,Prior Use,Permitted Use,Housing Starts,Net Change in Units,Location
682,50 York St,50 York St,40-243,3,2017,FY18,vacant,16 units,16,16,"(42.36948565, -71.09197263)"
645,95 Fawcett St,87 Fawcett St,267F-284,12,2017,FY17,Warehouse,44 Units,44,44,"(42.39215089, -71.14629944)"
70,139-155 BROOKLINE St,155 Brookline St,94-158,5,1998,,Storage,20 Units,20,20,"(42.36012445, -71.10525407)"
630,44 Market St,44 Market St,76-4,4,2016,FY17,3 Units,4 Units,1,0,"(42.36812395, -71.09642161)"
366,122 Clifton St,122 Clifton St,269-118,11,2008,,Vacant,2 Units,2,2,"(42.39711386, -71.13651683)"
139,650 Concord Ave,650 Concord Ave,266-33,12,2000,,Neville Manor,Assisted Living Units,71,71,"(42.38950826, -71.14941119)"
761,362 Broadway,362 Broadway,108-70,6,2019,FY20,1 unit,vacant,0,-1,"(42.37047094, -71.10422531)"
102,165 Western Ave,165 Western Ave,123-78,7,1998,,2 Units,9 Unit Sro,9,7,"(42.36500316, -71.109371)"
480,9 Montague St,9 Montague St,126-131,7,2012,,Commerical,3 Units,3,3,"(42.3639205, -71.11324266)"
348,52 Loomis St,55 Loomis St,267C-92,12,2007,,Commercial/Vacant,7 Units,7,7,"(42.39378345, -71.15357214)"
334,130 Fayerweather St,130 Fayerweather St,263-72,10,2007,,2 Units,2 Units,2,0,"(42.38357694, -71.136462)"
629,482 HURON Ave,482 Huron Ave,247-120,10,2016,FY17,2 Units,1 Unit,1,-1,"(42.38018849, -71.14307696)"
250,323-325 Elm St East,323 Elm St,82-47,3,2005,,Commercial,8 Units,8,8,"(42.37406808, -71.09511843)"
519,20 DEWOLFE ST,20 Dewolfe St,132-152,7,2014,FY14,Dorm Activity Room,1 Unit,1,1,"(42.37003373, -71.11662318)"
469,199 Erie St,199 Erie St,103-14,5,2012,,Vacant/Was Convent,4 Units,4,4,"(42.36046481, -71.10799586)"
235,350 Third St,350 Third St,14-1038,1,2004,,Commercial,321 Units,321,321,"(42.36368403, -71.08335367)"
1,136 APPLETON St,136 Appleton St,231-28,10,1996,,4 Units,5 Units,5,1,"(42.38119413, -71.13397295)"
778,73 School St,73 School St,74-10,4,2019,FY20,1 unit,2 units,2,1,"(42.36398462, -71.09733218)"
556,18-32 Whittemore Ave,18 Whittemore Ave,188-148,11,2014,FY15,Greenhouses,6 Units,6,6,"(42.398407, -71.13517015)"
666,9 Decatur St,9 Decatur St,94-61,5,2017,FY18,commercial,2 units,2,2,"(42.36103037, -71.10493869)"
89,205-207 Norfolk St,205 Norfolk St,87-103,4,1998,,3 Units,4 Units,4,1,"(42.36918588, -71.09876075)"
482,38 Union St,38 Union St,79-65,3,2012,,Vacant,1 Unit,1,1,"(42.37025949, -71.09491402)"
353,189 Pearl St,189 Pearl St,103-112,5,2007,,Parsonage,2 Units,2,1,"(42.36021279, -71.10763543)"
409,38-40 Avon St,38 Avon St,212-47,9,2010,,1 Unit,2 Unit,2,1,"(42.38288079, -71.12306883)"
171,171-273 Harvey St,171 Harvey St,190-248,11,2001,,Vacant Lot,2 Units,2,2,"(42.3975436, -71.13532975)"
524,53 Jay St,53 Jay St,123-29,7,2014,FY14,2 Units,Vacant Lot,0,-2,"(42.36611563, -71.11035458)"
583,411 Broadway,411 Broadway,139-34,6,2015,FY16,3 Units,2 Units,1,-1,"(42.37253678, -71.10879209)"
763,50 Cambridgepark Dr,36 Cambridgepark Dr,265D-50,11,2019,FY20,commercial,294 units,294,294,"(42.39450362, -71.14381824)"
116,22 LEE St,22 Lee St,117-35,6,1999,,3 Units,1 Unit,1,-2,"(42.36862466, -71.10676004)"
683,56 Alpine St,56 Alpine St,260-54,10,2018,FY18,1 unit,2 units,2,1,"(42.38480913, -71.13746097)"
730,384 Broadway,384 Broadway,115-11,6,2019,FY19,2 units,1 unit,1,-1,"(42.37113065, -71.1059544)"
218,24-27 Bellis Circle,24 Bellis Circle,271-16,9,2004,,1 Unit,4 Units,4,3,"(42.3897771, -71.13388612)"
277,85 Thorndike St,85 Thorndike St,25-37,1,2005,,3 Units,1 Unit,1,-2,"(42.36998738, -71.08195163)"
309,8 Museum Way,8 Museum Way,1A-109,1,2006,,2 Units,1 Unit,1,-1,"(42.37005115, -71.07167835)"
742,14 Jackson St,14 Jackson St,193-15,11,2019,FY19,1 unit,2 units,2,1,"(42.39399964, -71.13528705)"
6,51-53 BRIStOL St,51 Bristol St,40-40,3,1996,,9 Units,11 Units,11,2,"(42.36834376, -71.09265017)"
450,120-122 Oxford St,120 Oxford St,151-54,8,2011,,5 Units,3 Units,2,-2,"(42.38406831, -71.11565992)"
121,384 Prospect St,384 Prospect St,82-1,3,1999,,Carrige House,1 Unit,1,1,"(42.37443187, -71.09719663)"
248,773 Concord Ave,773 Concord Ave,267D-289,12,2005,,Vacant/Friendly'S,25 Units,25,25,"(42.39078033, -71.15461499)"
380,30 Jay St,30 Jay St,123-18,7,2008,,1 Unit,4 Units,4,3,"(42.3655583, -71.10988422)"
441,16 Hazel St,16 Hazel St,262-32,9,2011,,1 Unit,2 Units,2,1,"(42.38600419, -71.13438972)"
655,78-80 Pearl St,78 Pearl St,93-5,5,2017,FY17,Gas Station,2 Units,2,2,"(42.36298392, -71.10432986)"
512,164 PEMBERTON St,164 Pemberton St,195-104,11,2013,FY14,2 Units,1 Unit,1,-1,"(42.39085763, -71.13010658)"
615,2 Rice Circle,2 Rice Circle,192-173,11,2016,FY16,3 Units,2 Units,2,-1,"(42.39467522, -71.12982071)"
270,NP North Point Bldg S,1 Earhart St,ERROR: #N/A,1,2005,,Vacant/Industrial,99 Units,99,99,"(42.37113759, -71.07463)"
677,55 REGENT St,55 REGENT St,200-56,11,2017,FY18,commercial,3 units,3,3,"(42.38946904, -71.12261988)"
203,46 Highland Ave,46 Highland Ave,112-96,6,2003,,4 Unit,2 Units,2,-2,"(42.37293437, -71.10562236)"
598,65 Pleasant St,65 Pleasant St,125-78,5,2015,FY16,2 Units,1 Unit,1,-1,"(42.36301094, -71.10955178)"
11,32 CUSHING St,32 Cushing St,255-106,13,1996,,Vacant Lot,3 Units,3,3,"(42.37575022, -71.15178367)"
386,1131 Massachusetts Ave,1 Remington St,134-7,6,2008,,Mixed Use,Hotel,,-7,"(42.37106707, -71.11375566)"
385,931 Massachusetts Ave,931 Massachusetts Ave,116-99,6,2008,,2 Units,1 Unit,1,-1,"(42.36880808, -71.10941079)"
57,140-142 Pleasant St,140 Pleasant St,101-207,5,1997,,1 Unit,3 Units,3,2,"(42.36033572, -71.11226698)"
534,155 Webster Ave,155 Webster Ave,78-79,3,2014,FY14,3 Units,4 Units,1,1,"(42.37030624, -71.09337714)"
551,74 Reservoir St,74 Reservoir St,232-15,10,2014,FY15,2 Units,1 Unit,1,-1,"(42.38181892, -71.13559005)"
143,181 Harvey St,181 Harvey St,190-248,11,2000,,Vacant Lot,32 Units,32,32,"(42.39756521, -71.13565069)"
501,165 Cambridgepark Dr,165 Cambridgepark Dr,267.4-176,11,2013,FY14,Factory/Warehouse,244 Units,244,244,"(42.39536002, -71.14741733)"
715,15 Lambert St,15 Lambert St,35-100,1,2018,FY19,298 units,300 units,2,2,"(42.37273279, -71.08688835)"
473,25 Healey St,25 Healey St,225-17,10,2012,,2 Units,1 Unit,1,-1,"(42.38028318, -71.12917777)"
698,10 North Point Blvd,10 North Point Blvd,1A-196,1,2018,FY18,DCR,140 units,140,140,"(42.37089533, -71.07065042)"
748,46 Mt. Vernon St,46 Mt Vernon St,177-6,9,2019,FY19,6 units,3 units,2,-3,"(42.38700688, -71.12128128)"
341,30 Holworthy St,30 Holworthy pL,253-132,13,2007,,3 Unit,2 Unit,2,-1,"(42.37671186, -71.14929827)"
539,50 Cedar St,50 Cedar St,192-56,11,2014,FY15,2 Units,1 Unit,1,-1,"(42.39471248, -71.13074823)"
154,49-A Trowbridge St,49 Trowbridge St,135-114,6,2000,,1 Unit,2 Units,2,1,"(42.37271043, -71.11134166)"
45,26 HINGHAM St,26 Hingham St,130-19,7,1997,,6 Units,4 Units,4,-2,"(42.36510795, -71.11480353)"
670,292 Main Street,292 Main Street,48-107,2,2017,FY18,commerical,454 Grad Student Units,454,454,"(42.36228209, -71.08586287)"
175,1-3 Marcella St,1 Marcella St,37-65,3,2001,,10 Units,12 Units,12,2,"(42.37133625, -71.08907109)"
405,14 SHERMAN St,14 Sherman St,206-49,9,2009,,1 Unit,3 Units,3,2,"(42.38466847, -71.12978816)"
186,101 Cushing St,101 Cushing St,254-16,13,2002,,1 Unit,2 Units,2,1,"(42.37762472, -71.15188664)"
43,54 GARFIELD St,54 Garfield St,155-7,8,1997,,6 Unit,2 Units,2,-4,"(42.38359969, -71.11739142)"
709,10 Dover St,10 Dover St,182-63,11,2018,FY19,2 units,6 units,6,4,"(42.39467669, -71.12658752)"
418,48 Concord Ave,48 Concord Ave,225-7,10,2010,,3 Units,2 Units,2,-1,"(42.38043285, -71.12813201)"
25,128 OXFORd St,128 Oxford St,151-13,8,1996,,7 Unit,3 Units,3,-4,"(42.38488814, -71.11594028)"
289,85-87 Chilton St,85 Chilton St,263-131,10,2006,,1 Unit,2 Units,2,1,"(42.38373258, -71.13767072)"
302,100-102 Hammond St,100 Hammond St,149-87,8,2006,,2 Units,2 Units,2,0,"(42.38156984, -71.11273139)"
321,85 Upland Road,85 Upland Road,201-71,9,2006,,6 Units,2 Units,2,-4,"(42.38772586, -71.12270379)"
566,131 Harvard St,131 Harvard St,42-98,4,2015,FY15,Vacant,20 Units,20,20,"(42.36543887, -71.09374781)"
437,246 Concord Ave,244 Concord Ave,230-45,10,2011,,3 Units,2 Units,2,-1,"(42.38303248, -71.13252182)"
38,11 CHAUNCY St,11 Chauncy St,173-51,9,1997,,Two Units,4 Units,4,2,"(42.37986715, -71.12179469)"
26,85 SHERMAN St,85 Sherman St,271-72,9,1996,,2 Units,11 Units,11,9,"(42.38822518, -71.1324812)"
651,1699 Massachusetts Ave,1699 Massachusetts Ave,155-32,8,2017,FY17,Parking Lot,16 Units,16,16,"(42.38306609, -71.11934844)"
258,59 Howard St,59 Howard St,122-105,7,2005,,2 Units,2 Units,2,0,"(42.36595997, -71.11105827)"
390,17 Rockwell St,17 Rockwell St,127-107,5,2008,,1 Unit,1 Unit,1,0,"(42.36263421, -71.11119047)"
53,263-265 MT AUBURN St,1 Gibson St,221-79,10,1997,,2 Units,1 Unit,1,-1,"(42.3749886, -71.13245195)"
724,63 Union St,63 Union St,79-112,3,2018,FY19,3 units,5 units,5,2,"(42.37100915, -71.09468942)"
15,50 GARdEN St,50 Garden St,215-22,9,1996,,1 Unit,2 Units,2,1,"(42.38008492, -71.12523062)"
571,46 Loomis St,46 Loomis St,267C-56,12,2015,FY15,1 Unit,Vacant Lot,0,-1,"(42.3933764, -71.1540406)"
185,320 Bent St/301 Binney St,157 Sixth St,31-13,1,2002,,Manufacturing,37 Units,37,37,"(42.36658425, -71.08618104)"
719,137 Mt Auburn St,137 Mt Auburn St,167-23,10,2018,FY19,2 units,2 units,2,0,"(42.37401124, -71.12439222)"
373,21-23 Gray St,23 Gray St,212-4,9,2008,,3 Units,2 Units,2,-1,"(42.38316585, -71.1223532)"
505,10 Glassworks Ave,10 Glassworks Ave,1A-82,1,2013,FY14,Vacant Office Bldg,104 Units,104,104,"(42.37027042, -71.07285343)"
111,98-100 Erie St,98 Erie St,96-127,5,1999,,Factory,16 Units,16,16,"(42.35868878, -71.10550598)"
588,6 Emmons Pl,6 Emmons Pl,140-2,6,2015,FY16,2 Units,3 Units,1,1,"(42.37694352, -71.10896865)"
620,125 Brookline St,125 Brookline St,94-58,5,2016,FY17,Auto Repair,6 Units,6,6,"(42.36087035, -71.10480363)"
702,27 St Sauveur St,27 St Sauveur Ct,256-31,13,2018,FY18,3 units,2 units,2,-1,"(42.3771704, -71.1529987)"
752,50 Rogers St,50 Rogers St,16-29,1,2019,FY19,commercial,136 units,136,136,"(42.36568362, -71.07896217)"
126,241 River St,241 River St,126-172,7,1999,,Residential,17 Units,17,17,"(42.36297436, -71.11178419)"
345,14 Lancaster St,14 Lancaster St,176-58,9,2007,,1 Unit,3 Units,3,2,"(42.38546939, -71.1203945)"
358,36 Royal Ave,36 Royal Ave,230-82,10,2007,,3 Units,1 Unit,1,-2,"(42.38236112, -71.13219547)"
197,196 Auburn St,196 Auburn St,105-26,5,2003,,Rooming House 13 Rooms,7 Units,7,-6,"(42.36419068, -71.10619253)"
543,35 Cottage Park Ave,35 Cottage Park Ave,189-104,11,2014,FY15,Fawcett Oil,57 Units,57,57,"(42.39820661, -71.13346346)"
461,17 Clary St,17 Clary St,83-48,3,2012,,1 Unit,5 Units,5,4,"(42.37417509, -71.09834457)"
158,19 Willard St,1 Foster St,220-87,10,2000,,1 Unit,1 Unit,1,0,"(42.37573018, -71.12835845)"
560,66 Clay St,66 Clay St,193-36,11,2015,FY15,2 Units,1 Unit,1,-1,"(42.39540055, -71.13433076)"
638,27 Berkshire St,27 Berkshire St,40-97,3,2017,FY17,3 Units,Vacant,0,-3,"(42.36895186, -71.09175409)"
190,55 Essex St/JFK Apts,55 Essex St,90-183,4,2002,,83 Units,69 Units,69,-14,"(42.3676645, -71.10118175)"
21,33 Linnean St,33 Linnaean St,211-8,9,1996,,1 Unit,Single + 4 Units,5,4,"(42.38398271, -71.12305756)"
422,111-113 Grozier Rd,111 Grozier Rd,248-68,10,2010,,2 Units,1 Unit,1,-1,"(42.38097046, -71.14231108)"
47,1008 Mass Ave,1008 Mass Ave,121-114,7,1997,,Vacant,67 Units,67,67,"(42.36925224, -71.11134537)"
94,45 REED St,45 Reed St,192-26,11,1998,,Vacant Lot,2 Units,2,2,"(42.39465294, -71.13186598)"
607,9 Donnell St,9 Donnell St,229-122,9,2016,FY16,2 Units,Vacant,0,-2,"(42.38394525, -71.13261406)"
285,54-56 Banks St,54 Banks St,132-61,7,2006,,3 Family,1 Unit,1,-2,"(42.36933416, -71.11453685)"
771,112 Holworthy St,112 Holworthy St,254-24,13,2019,FY20,1 unit,2 units,1,1,"(42.37765896, -71.15081551)"
417,126 Charles St,126 Charles St,27-25,1,2010,,Office,8 Units,8,8,"(42.36755552, -71.08207192)"
326,378 Broadway,378 Broadway,115-103,6,2007,,1 Unit,2 Units,2,1,"(42.37081201, -71.10558644)"
153,101 Third St,101 Third St,24-87,1,2000,,Church,4 Units,4,4,"(42.36979753, -71.08023781)"
229,146-152 Prospect St,146 Prospect St,88-49,4,2004,,2 Units,13 Units,13,11,"(42.36877013, -71.10113374)"
290,199-207 Columbia St,199 Columbia St,86-83,4,2006,,4 Units,13 Units,13,9,"(42.36824974, -71.09729421)"
449,66 Oxford St,66 Oxford St,149-8,8,2011,,1 Unit,4 Units,4,3,"(42.3812459, -71.11616035)"
58,24A PRENTISS St,24 Prentiss St,154-85,8,1997,,3 Units,2 Units,2,-1,"(42.38430907, -71.11753957)"
317,148 Richdale Ave,148 Richdale Ave,202-21,9,2006,,2 Units,3 Units,3,1,"(42.38911865, -71.12657661)"
79,39-41 Inman St,39 Inman St,118-54,6,1998,,20 Room Bdg House,4 Units,4,-16,"(42.36867604, -71.10401538)"
262,43-45 Magee St,43 Magee St,122-113,7,2005,,2 Units,1 Unit,1,-1,"(42.36621778, -71.11169511)"
30,180-182 APPLETON St,180 Appleton St,230-63,10,1997,,3 Units,2 Units,2,-1,"(42.38240795, -71.13345312)"
217,67 Bay State Rd,67 Bay State Rd,273-38,9,2004,,1 Unit,5 Units,5,4,"(42.38758665, -71.13879979)"
476,4 Kimball Ln,4 Kimball Ln,196-144,11,2012,,1 Unit,1 Unit,1,0,"(42.39404308, -71.12906384)"
493,15 Kinnaird St,15 Kinnaird St,125-26,7,2013,FY13,2 Units,1 Unit,1,-1,"(42.36461387, -71.10905206)"
165,799 Cambridge St,799 Cambridge St,36-196,3,2001,,Vacant Lot,2 Unit Addition,2,2,"(42.37243213, -71.09004204)"
757,117 Walden St,117 Walden St,202-95,9,2019,FY19,2 units,3 units,1,1,"(42.38780703, -71.12658244)"
180,173 Pleasant St,173 Pleasant St,128-68,5,2001,,Vacant,32 Units,32,32,"(42.35963363, -71.11412754)"
592,1 Langdon St,1 Langdon St,173-67,9,2015,FY16,Basement,5 Units,5,5,"(42.38089676, -71.12014572)"
444,931 Massachusetts Ave,931 Massachusetts Ave,116-99,6,2011,,2 Units,1 Unit,1,-1,"(42.36880808, -71.10941079)"
322,37 Wheeler St,31 Wheeler St,267F-275,12,2006,,Comm Bldg,72 Units,72,72,"(42.3898778, -71.14484405)"
377,95 Harvey St,95 Harvey St,190-244,11,2008,,Commercial,8 Units,8,8,"(42.39741162, -71.13332772)"
624,6 Emmons Pl,6 Emmons Pl,140-2,6,2016,FY17,2 Units,2 Units,2,0,"(42.37694352, -71.10896865)"
212,119 Pine St,119 Pine St,75-37,4,2003,,Vacant,Erect 1 Condo Unit,1,1,"(42.36607106, -71.09765928)"
646,39 Hammond St,39 Hammond St,149-93,8,2017,FY17,2 Units,3 Units,1,1,"(42.38092532, -71.11490938)"
254,76-78 Hammond St,76 Hammond St,149-38,8,2005,,2 Units,1 Unit,1,-1,"(42.38110674, -71.11363189)"
486,20 DEWOLFE ST,20 Dewolfe St,ERROR: #N/A,7,2013,FY13,80 Units,78 Units,0,-2,"(42.37003373, -71.11662318)"
107,70 BROOKLINE St,70 Brookline St,92-124,5,1999,,Vacant,16 Units,16,16,"(42.36242156, -71.10273299)"
239,25 Avon St,25 Avon St,212-19,9,2005,,2 Units,3 Units,3,1,"(42.38226313, -71.12303663)"
122,74-76 Putnam Ave,74 Putnam Ave,122-125,7,1999,,Vacant,3 Units,3,3,"(42.36767721, -71.11341233)"
515,26 Vineyard St,26 Vineyard St,256-35,13,2013,FY14,2 Units,2 Units,2,0,"(42.3786246, -71.15330582)"
349,1-3 Marcella St,1 Marcella St,37-65,3,2007,,12 Units,16 Units,16,4,"(42.37133625, -71.08907109)"
575,199 Prospect St,199 Prospect St,109-80,6,2015,FY15,Commercial Condo,1 Unit,1,1,"(42.37035391, -71.10050295)"
85,2511-2517 Mass Ave,2511 Mass Ave,184-9,11,1998,,Vacant Lot,4 Units,4,4,"(42.39979182, -71.13274973)"
354,17 Perry St,17 Perry St,103-72,5,2007,,6 Units,3 Units,3,-3,"(42.36221825, -71.10680948)"
481,100 Pacific St,100 Pacific St,95-58,5,2012,,Commercial,11 Units,11,11,"(42.36072854, -71.10349328)"
603,21 Bay St,21 Bay St,121-30,7,2016,FY16,4 Units,3 Units,3,-1,"(42.36800485, -71.11109267)"
767,17 Ellsworth Ave,17 Ellsworth Ave,139-62,6,2019,FY20,1 units,2 units,1,1,"(42.37350623, -71.10696048)"
148,2443 Mass Ave,2443 Mass Ave,184-172,11,2000,,Vacant,15 Units W/ Comm Space,15,15,"(42.39815057, -71.13084494)"
398,14-16 Kelly Rd,14 Kelly Rd,104-116,5,2009,,4 Units,2 Units,2,-2,"(42.36214087, -71.10893161)"
687,5 Columbia St,9 Columbia St,91-206,4,2018,FY18,commercial,60 units,60,60,"(42.36388654, -71.0998447)"
281,2-6 Athens Terr,2 Athens Ter,132-133,7,2006,,Parking,3 Units,3,3,"(42.36999782, -71.1152824)"
62,175 Richdale Ave,175 Richdale Ave,202-131,9,1997,,Vacant Lot,43 Units,43,43,"(42.3895802, -71.12774698)"
634,11 Walden St,15 Walden St,199-86,11,2016,FY17,5 Units,4 Units,5,-1,"(42.3909263, -71.12376425)"
692,209 Green St,209 Green St,93-105,5,2018,FY18,1 unit,2 units,2,1,"(42.36395597, -71.10268052)"
734,601 Franklin St,601 Franklin St,121-44,7,2019,FY19,2 units,1 unit,1,-1,"(42.36855784, -71.11277126)"
222,248-250 Concord Ave,248 Concord Ave,230-44,10,2004,,3 Unit,2 Unit,2,-1,"(42.3830667, -71.13264845)"
294,50-units 505/506 Follen St,50 Follen St,172-65,9,2006,,2 Units,1 Unit,1,-1,"(42.37807825, -71.1211915)"
454,277 Western Ave,281 Western Ave,122-175,7,2011,,Commercial,Comm/2 Units,2,2,"(42.36470607, -71.11247202)"
133,334 BROADWAY,334 Broadway,108-32,6,2000,,Office/1 Unit,2 Units,2,1,"(42.36972606, -71.10237421)"
775,238 Pearl St,238 Pearl St,97-27,5,2019,FY20,1 unit,3 units,2,2,"(42.35880734, -71.10885784)"
397,11 Hemlock Rd,11 Hemlock Rd,231-51,10,2009,,1 Unit,1 Unit,1,0,"(42.38051696, -71.13328059)"
90,346 Norfolk St,346 Norfolk St,85-81,3,1998,,2 Units,1 Unit,1,-1,"(42.37263073, -71.09617244)"
134,803-815 Cambridge St,803 Cambridge St,36-124,3,2000,,Car Rental/3 Units,14 Units,14,11,"(42.37245881, -71.09023646)"
660,50 York St,50 York St,40-243,3,2017,FY17,16 Units,0 Units,0,-16,"(42.36948565, -71.09197263)"
412,289 Brookline St,289 Brookline St,97-86,5,2010,,2 Units,1 Unit,1,-1,"(42.35704997, -71.10857101)"
117,100-104 Mt Auburn St,100 Mt Auburn St,162-74,10,1999,,Business/Church/3 Units,6 Units/Business,6,3,"(42.37260397, -71.1206453)"
244,407-411 Cambridge St,411 Cambridge St,23-134,1,2005,,6 Units,6 Units,6,0,"(42.37152558, -71.08299272)"
429,41 Magnolia St,41 Magnolia Ave,140-126,6,2010,,3 Units,2 Units,2,-1,"(42.37662132, -71.10623634)"
2,243 BENT St,243 Bent St,27-6,1,1996,,Storage,11 Units,11,11,"(42.36752027, -71.08474277)"
266,2495 Massachusetts Ave,2495 Massachusetts Ave,184-192,11,2005,,Car Repair,14 Units,14,14,"(42.39924439, -71.13224593)"
508,19 Hutchinson St,19 Hutchinson St,230-110,10,2013,FY14,Two-Family,One-Family,1,-1,"(42.38251651, -71.13441733)"
528,19 Myrtle Ave,19 Myrtle Ave,141-101,6,2014,FY14,2 Units,1 Unit,1,-1,"(42.37711002, -71.10698772)"
313,239-241 Prospect St,239 Prospect St,110-65,6,2006,,Vacant,8 Units,8,8,"(42.3712053, -71.09984284)"
75,26-28 Garden St,26 Garden St,216-8,10,1998,,6 Units,3 Units,3,-3,"(42.37815155, -71.12381765)"
207,22 Lopez St,22 Lopez St,94-52,5,2003,,1 Unit,2 Units,2,1,"(42.36140813, -71.10473687)"
308,2101 Massachusetts Ave,2101 Massachusetts Ave,181-37,11,2006,,Vfw,9 Units,9,9,"(42.39167975, -71.12348468)"
293,3 Ellsworth Park,3 Ellsworth Park,112-8,6,2006,,3 Units,1 Unit,1,-2,"(42.37305521, -71.10641837)"
234,15 St Paul St,15 St Paul St,107-56,6,2004,,5 Units,4 Units,4,-1,"(42.36809086, -71.10316809)"
453,49 Trowbridge St,49 Trowbridge St,135-114,6,2011,,2 Units,1 Unit,1,-1,"(42.37271043, -71.11134166)"
7,457-463 Cambridge St,457 Cambridge St,23-16,1,1996,,8 Units/2 Stores,10 Units,2,2,"(42.3716366, -71.08384688)"
249,13 Ellsworth Ave,13 Ellsworth Ave,139-64,6,2005,,2 Units,1 Unit,1,-1,"(42.37323727, -71.1071874)"
61,130-138 Richdale Ave,130 Richdale Ave,202-107,9,1997,,Vacant Lot,4 Units,4,4,"(42.38890956, -71.12608096)"
381,132-134 Larch Rd,134 Larch Rd,249-57,10,2008,,2 Units,1 Unit,1,-1,"(42.37933081, -71.14331352)"
118,37 Mt Vernon St,37 Mt Vernon St,177-29,9,1999,,Vacant,1 Unit,1,1,"(42.38744224, -71.1207874)"
513,7-11 Temple Pl,5 Temple St,107-139,6,2013,FY14,Ywca Pool And Offices,42 Units,42,42,"(42.366577, -71.10434428)"
440,172-180 Franklin St,172 Franklin St,93-100,5,2011,,Commercial/Parking?,5 Units,5,5,"(42.36301947, -71.10285246)"
678,249 Third St,249 Third St,27-97,1,2017,FY18,parking lot,84 units,84,84,"(42.3667301, -71.08213484)"
271,208 Prospect St,208 Prospect St,87-9,4,2005,,2 Units,3 Units,3,1,"(42.37048622, -71.10005309)"
530,207 Prospect St,207 Prospect St,109-42,6,2014,FY14,1 Unit,3 Units,3,2,"(42.37055206, -71.10052424)"
661,2 Bedford Street,2 Bedford Street,36-66,3,2017,FY18,1 unit,1 unit,1,0,"(42.37362911, -71.08870258)"
547,4 Frost St,4 Frost St,153-36,8,2014,FY15,6 Units,2 Units,2,-4,"(42.38639317, -71.11725869)"
86,2519-2525 Mass Ave,2519 Mass Ave,184-9,11,1998,,Vacant Lot,4 Units,4,4,"(42.39982783, -71.133153)"
202,23 Gurney St,23 Gurney St,236-91,10,2003,,2 Unit,1 Unit,1,-1,"(42.38049166, -71.13852766)"
762,1498 Cambridge St,1498 Cambridge St,112-89,6,2019,FY20,vacant,2 units,2,2,"(42.37410512, -71.1045926)"
382,168-B Lexington Ave,168 Lexington Ave,247-165,10,2008,,6 Units,2 Unit,2,-5,"(42.37975437, -71.14113707)"
221,76-88 Clifton St,76 Clifton St,269-71,11,2004,,Vacant,4 Units,4,4,"(42.3959135, -71.13650524)"
367,256 Columbia St,256 Columbia St,77-20,4,2008,,1 Unit,2 Units,2,1,"(42.3694112, -71.0963726)"
535,343 Western Ave,343 Western Ave,130-12,7,2014,FY14,6 Units & Comm,7 Units,1,1,"(42.3645665, -71.11408883)"
103,272 Allston St,272 Allston St,101-194,5,1999,,Vacant,1 Unit,1,1,"(42.36001687, -71.11082378)"
714,3 Hancock St,3 Hancock St,120-11,7,2018,FY19,2 units,vacant,2,-2,"(42.36692245, -71.11044331)"
335,19-21 Field St,19 Field St,262-17,9,2007,,2 Units,2 Units,2,0,"(42.38598141, -71.13561803)"
747,1795-1791 Massachusetts Ave,1791 Massachusetts Ave,"153-80,81,82",8,2019,FY19,3 units,40 units,40,37,"(42.38625647, -71.11893601)"
779,35 Standish St.,35 Standish St,233-171,10,2019,FY20,2 units,1 unit,1,-1,"(42.38224685, -71.13904739)"
303,19 Highland Ave,19 Highland Ave,112-22,6,2006,,1 Unit,3 Units,3,2,"(42.37231431, -71.10647842)"
261,129 Lexington Ave,129 Lexington Ave,235-82,10,2005,,3 Units,2 Units,2,-1,"(42.3791849, -71.14062311)"
350,265 Norfolk St,265 Norfolk St,87-91,4,2007,,1 Unit,3 Units,3,2,"(42.37074844, -71.09800332)"
29,3-9 Webster St,3 Webster Ave,40-8,3,1996,,2 Units,4 Units,4,2,"(42.36707894, -71.0922929)"
39,8 CLINTON St,8 Clinton St,118-4,6,1997,,1 Unit,2 Units,2,1,"(42.36809537, -71.10620894)"
599,11 Sunset Road,11 Sunset Road,267B-47,12,2015,FY16,1 Unit,2 Units,2,1,"(42.39212885, -71.15689287)"
161,13 Bellis Circle,13 Bellis Circle,271-8,9,2001,,Subdivided Lot,1 Unit,1,1,"(42.38989304, -71.13340735)"
562,180-186 Cushing St,180 Cushing St,257-37,13,2015,FY15,Vacant,4 Units,4,4,"(42.3797299, -71.15267793)"
393,66 Thorndike St,66 Thorndike St,24-45,1,2008,,1 Unit,1 Unit,1,0,"(42.36961971, -71.08095732)"
298,4 Grant St,4 Grant St,132-78,7,2006,,Parking,4 Units,4,4,"(42.36928351, -71.11502339)"
71,12 CHANNING St,5 Lowell St,239-64,10,1998,,Vacant,1 Unit,1,1,"(42.37663917, -71.13448621)"
425,66-76 Harvey St,66 Harvey St,190-267,11,2010,,Church,4 Units,4,4,"(42.3972076, -71.13258419)"
193,39-41 Myrtle Ave,39 Myrtle Ave,141-65,6,2002,,Vacant,2 Units,2,2,"(42.3776805, -71.1076256)"
408,13-15 Avon St,13 Avon St,212-23,9,2010,,1 Unit,3 Units,3,2,"(42.3818253, -71.12274324)"
693,45-47 Hubbard Ave,45 Hubbard Ave,202-39,9,2018,FY18,2 units,1 unit,1,-1,"(42.38879709, -71.12751756)"
631,23 MONTGOMERY St,23 Montgomery St,193-140,11,2016,FY17,2 Units,2 Units,1,0,"(42.39416149, -71.13302026)"
430,87 New St,87 New St,264-97,9,2010,,Vacant/Parking,54 Units,54,54,"(42.38981147, -71.13938349)"
276,106-108 Second St,110 Second St,10-32,1,2005,,Vacant,32 Units,32,32,"(42.36776283, -71.07920803)"
22,1715 Mass Ave,1715 Mass Ave,155-39,8,1996,,Vacant,8 Units,8,8,"(42.38362148, -71.11911971)"
138,48 Clay St,50 Clay St,193-180,11,2000,,Commercial,2 Units,2,2,"(42.39494872, -71.13433364)"
166,651 Concord Ave,651 Concord Ave,2.67E-267,12,2001,,Vacant Lot,2 Units,2,2,"(42.38992329, -71.14879128)"
729,42 Blakeslee St,42 Blakeslee St,232-56,10,2019,FY19,2 units,1 unit,1,-1,"(42.38114997, -71.13486429)"
34,195 BLDG 3 BINNEY St,195 Binney St,28-33,1,1997,,Factory,18 Units,18,18,"(42.36605628, -71.08416025)"
93,48 PORTER Rd,48 Porter Rd,178-121,11,1998,,Business,Office/Retail/6 Units,6,6,"(42.38914228, -71.12210762)"
468,117 Cushing St,117 Cushing St,258-67,13,2012,,Store,1 Unit,1,1,"(42.37807322, -71.15204156)"
230,182 Raymond St,182 Raymond St,203B-24,9,2004,,1 Unit,8 Units,8,7,"(42.3887402, -71.12845566)"
567,35 HURON Ave,35 Huron Ave,206-83,9,2015,FY15,2 Units,1 Unit,1,-1,"(42.38498929, -71.12753436)"
485,20 Child St,20 Child St,1A-174,1,2013,FY13,Vacant,355 Units,355,355,"(42.371607, -71.07205445)"
253,1 First St,11 First St,18-47,1,2005,,Candy Factory,114 Units,114,114,"(42.37045452, -71.07708799)"
198,10 Ballord Pl,10 Ballord Pl,126-11,7,2003,,Unclear,1 Unit,1,1,"(42.36379089, -71.11339664)"
362,159 Upland Road,159 Upland Road,201.5-19,9,2007,,3 Units,2 Units,2,-1,"(42.38689869, -71.12565565)"
66,75-77 Webster St,75 Webster Ave,40-41,3,1997,,Vacant,2 Units,2,2,"(42.36855609, -71.09278528)"
626,330 Harvard St,330 Harvard St,116-24,6,2016,FY17,2 Units,4 Units,4,2,"(42.37030344, -71.10821412)"
436,128 Cherry St,128 Cherry St,74-30,4,2011,,2 Units,3 Units,3,1,"(42.36556879, -71.0967913)"
98,199 Sidney St,197 Sidney St,96-130,5,1998,,Office,1 Unit,1,1,"(42.35781578, -71.10560123)"
330,481 Concord Ave,481 Concord Ave,261-169,9,2007,,2 Family,14 Unit Boarding House,14,12,"(42.38678945, -71.14030313)"
665,177R Coolidge Hill Rd,181 Coolidge Hill,242B-50,10,2017,FY18,vacant,1 unit,1,1,"(42.37305826, -71.13725431)"
584,130 Cambridgepark Dr,130 Cambridgepark Dr,267.4-320,11,2015,FY16,Parking Lot,213 Units,213,213,"(42.39365963, -71.14458954)"
523,7 Humboldt St,7 Humboldt St,176-71,9,2014,FY14,1 Unit,1 Unit,1,0,"(42.38505538, -71.12089225)"
462,17 Clay St,17 Clay St,193-102,11,2012,,1 Unit,I Unit,1,0,"(42.39404949, -71.13403798)"
494,37 Mt. Pleasant,37 Mt Pleasant St,201.5-28,9,2013,FY13,1 Unit,2 Units,1,1,"(42.38759027, -71.12519637)"
758,29 Winslow St,29 Winslow St,206-48,9,2019,FY19,6 units,2 units,2,-4,"(42.38480432, -71.12953658)"
552,33 Richdale Ave,15 Richdale Ave,178-122,9,2014,FY15,Business/Storage,46 Units,46,46,"(42.38846949, -71.12229302)"
710,19 Fayette St,19 Fayette St,113-76,6,2018,FY19,3 units,2 units,2,-1,"(42.37200538, -71.1039017)"
457,8 Blanchard Rd,8 Blanchard Rd,266-26,12,2012,,1 Unit,1 Unit,1,0,"(42.38782595, -71.15742755)"
325,163 Brattle St,163 Brattle St,238-50,10,2007,,1 Unit Burned,1 Unit,1,0,"(42.37756694, -71.13497655)"
286,69 Banks St,69 Banks St,132-157,7,2006,,Vacant,3 Units,3,3,"(42.36887237, -71.1148005)"
225,456 Franklin St,456 Franklin St,124-79,7,2004,,3 Unit,2 Units,2,-1,"(42.36706764, -71.10981658)"
520,10 Ellery St,10 Ellery St,116-119,6,2014,FY14,1 Unit,2 Units,1,-1,"(42.37018839, -71.111217)"
743,90 Jackson St,90 Jackson St,190-46,11,2019,FY19,1 unit,2 units,2,1,"(42.39594943, -71.13537851)"
579,149 SHERMAN St,149 Sherman St,194-90,11,2015,FY15,Vacant,2 Units,2,2,"(42.39111585, -71.13289096)"
697,415 Massachusetts Ave,415 Massachusetts Ave,91-207,4,2018,FY18,Commercial/Parking,225 units,225,225,"(42.36359247, -71.1002168)"
318,152-154 Richdale Ave,154 Richdale Ave,202-20,9,2006,,Vacant,2 Townhouses,2,1,"(42.38914674, -71.12678979)"
650,907 Main St,907 Main St,91-70,4,2017,FY17,12 Units,Hotel,0,-12,"(42.36353526, -71.09965814)"
157,8-10 Valentine St,8 Valentine St,94-151,5,2000,,Vacant,3 Units,3,3,"(42.35993191, -71.10578845)"
616,85 Alpine St,85 Alpine St,261-141,9,2016,FY17,2 Units,1 Unit,1,-1,"(42.38585587, -71.13697223)"
725,189 Vassar St,189 Vassar St,55-27,2,2018,FY19,parking garage,16 units,16,16,"(42.35853065, -71.09864038)"
404,80-84 River St,80 River St,105-117,5,2009,,Comm/5 Units,Comm/5 Units,5,0,"(42.36412958, -71.1075595)"
10,274-276 Concord Ave,274 Concord Ave,230-5,10,1996,,2 Units,3 Units,3,1,"(42.38343776, -71.13345371)"
189,182 Elm St,182 Elm St,79-6,3,2002,,2 Unit,3 Units,3,2,"(42.37107975, -71.09616433)"
389,124 Rindge Ave,124 Rindge Ave,195-169,11,2008,,Church School,16 Units,16,16,"(42.39198669, -71.13004575)"
54,245-253 Norfolk St,245 Norfolk St,87-94,4,1997,,Industrial,21 Units,21,21,"(42.37025696, -71.09812528)"
357,55 River St,55 River St,105-139,7,2007,,4 Units,4 Units,4,1,"(42.36459102, -71.1068889)"
170,168 Harvard St,168 Harvard St,74-125,4,2001,,2 Units,3 Units,3,1,"(42.36616386, -71.09594157)"
594,20 Madison St,20 Madison St,227-76,9,2015,FY16,Vacant,I Unit,1,1,"(42.38228451, -71.12891499)"
142,74 Fayerweather St,74 Fayerweather St,237-64,10,2000,,2 Units,1 Unit,1,-1,"(42.38080513, -71.13729054)"
611,14 Holly Ave,14 Holly Ave,227-11,9,2016,FY16,2 Units,1 Unit,1,-1,"(42.38269932, -71.1297668)"
421,29 Field St,29 Field St,262-1,9,2010,,1 Unit?,2 Units,2,1,"(42.38611382, -71.13608099)"
500,4 Blanche St,310 Massachusetts Ave,69-101,5,2013,FY14,3 Units,Vacant Lot,0,-3,"(42.36240413, -71.09895514)"
110,51-53 Clay St,53 Clay St,193-109,11,1999,,Vacant,3 Units,3,3,"(42.39506283, -71.13407101)"
329,36 Churchill Ave,56 Churchill Ave,185-57,11,2007,,1 Unit,3 Units,3,2,"(42.40094561, -71.1317901)"
472,119-135 Harvey St,119 Harvey St,190-278,11,2012,,Cambridge Lumber,20 Units,20,20,"(42.3976833, -71.13391216)"
257,12 Holly Ave,12 Holly Ave,227-12,9,2005,,2 Units,1 Unit,1,-1,"(42.38263178, -71.12966177)"
489,161 Grove St,161 Grove St,266-15,13,2013,FY13,1 Units,Vacant Lot,0,-1,"(42.38295302, -71.1579238)"
125,384 Rindge Ave,388 Rindge Ave,268B-41,11,1999,,Vacant Lot,2 Units,2,2,"(42.39388774, -71.1392544)"
226,40 Grozier Rd,40 Grozier Rd,247-181,10,2004,,2 Unit,1 Unit,1,-1,"(42.37861014, -71.14184013)"
340,28-30 Hingham St/387 Western Ave,30 Hingham St,130-168,7,2007,,Parking,"18 Units, 165 Dorm Beds",18,18,"(42.36484638, -71.11525844)"
78,700 HURON Ave,700 Huron Ave,257-60,13,1998,,Residential,Add 3 Units To Huron Tower,3,3,"(42.38086849, -71.15455061)"
555,3 Wendall St,3-1/2 Wendell St,156-24,8,2014,FY15,1 Unit,2 Units,2,1,"(42.38203513, -71.1186682)"
754,13 Vincent St,13 Vincent St,201.5-36,9,2019,FY19,1 unit,2 units,2,1,"(42.38750502, -71.12566553)"
194,194 Prospect St,194 Prospect St,87-6,4,2002,,1 Unit/Comm,3 Units,3,2,"(42.37015694, -71.10029389)"
538,161-165 Auburn St,161 Auburn St,106-57,5,2014,FY15,2 Units,3 Units,3,1,"(42.36374752, -71.10481857)"
669,7 Kelly St,7 Kelley St,229-163,9,2017,FY18,1 unit,1 unit,1,0,"(42.38379445, -71.13202404)"
686,114 Clay St,114 Clay St,190-63,11,2018,FY18,1 unit,vacant,0,-1,"(42.39673359, -71.13439612)"
477,99 Kinnaird St,99 Kinnaird St,122-131,7,2012,,1 Unit,2 Units,2,1,"(42.36733446, -71.11212059)"
642,127 Coolidge Hill Rd,127 Coolidge Hill,242A-102,10,2017,FY17,1 Unit,Vacant,0,-1,"(42.37320868, -71.13792206)"
527,14 Myrtle Ave,14 Myrtle Ave,141-53,6,2014,FY14,1 Unit,2 Units,1,1,"(42.37713669, -71.10681337)"
637,28 Warren St,28 Warren St,36-154,3,2016,FY17,1 Unit,Vacant,0,-1,"(42.37289077, -71.08782989)"
490,21 GURNEY ST,21 Gurney St,ERROR: #N/A,10,2013,FY13,Two-Family,One-Family,1,-1,"(42.38039237, -71.13854803)"
591,1-6 Jefferson Park,1 Clifton Pl,268A-47,11,2015,FY16,Demoed Cha Hsg,104 Units Replacement,104,104,"(42.39353199, -71.13630113)"
679,305 Webster Ave,305 Webster Ave,81-20,3,2017,FY18,commercial,36 units,36,36,"(42.37353655, -71.09440079)"
548,53 Jay St,53 Jay St,123-29,7,2014,FY15,Vacant,3 Units,3,3,"(42.36611563, -71.11035458)"
213,265 Rindge Ave,265 Rindge Ave,193-184,11,2003,,3 Units,10 Units,10,7,"(42.39369391, -71.13476171)"
706,24-26 Berkshire St,24 Berkshire St,40-143,3,2018,FY19,6 units,6 units,6,0,"(42.36884613, -71.09161895)"
97,24 SACRAMENTO St,24 Sacramento St,156-104,8,1998,,2 Units,1 Unit,1,-1,"(42.38245786, -71.11734103)"
623,9 Donnell St,9 Donnell St,229-122,9,2016,FY17,Vacant,2 Units,2,2,"(42.38394525, -71.13261406)"
394,150 Vassal Lane,150 Vassal Lane,233-101,10,2008,,1 Unit,1 Unit,1,0,"(42.38349565, -71.13860429)"
647,308 Hurley St,308 Hurley St,26-108,1,2017,FY17,2 Units,1 Unit,1,1,"(42.36871079, -71.08432005)"
701,54 Reservoir St,54 Reservoir St,232-40,10,2018,FY18,2 units,2 units,2,0,"(42.38067152, -71.13585324)"
516,18 White St,18 White St,152-7,11,2013,FY14,2 Units & Comm,8 Units,8,6,"(42.38889837, -71.11824962)"
739,53 Henry St,53 Henry St,65-11,5,2019,FY19,2 units,1 unit,1,-1,"(42.35550166, -71.10864357)"
654,64 Pearl St,64 Pearl St,93-32,5,2017,FY17,1 Unit,2 Units,2,1,"(42.3633011, -71.10398259)"
458,4 Bond St,4 Bond St,215-18,9,2012,,2 Units,3 Units,1,1,"(42.38052776, -71.12673897)"
174,27 Maple St,27 Maple Ave,112-63,6,2001,,3 Units,2 Units,2,-1,"(42.37292127, -71.10458365)"
721,55-57 Park Ave,55 Park Ave,253-141,13,2018,FY19,2 units,1 unit,1,-1,"(42.37735501, -71.14932521)"
14,23 FAIRMONT St,23 Fairmont St,104-16,5,1996,,1 Unit,2 Units,2,1,"(42.36148726, -71.11029389)"
130,2 Ashburton Pl,2 Ashburton Pl,90-81,4,2000,,2 Units,1 Unit,1,-1,"(42.36627787, -71.10147661)"
570,150 Larch Rd,150 Larch Rd,249-53,10,2015,FY15,2 Units,1 Unit,1,-1,"(42.37990153, -71.14350502)"
42,325 Franklin St,325 Franklin St,119-55,7,1997,,Vacant,3 Units,3,3,"(42.36582395, -71.10712093)"
780,283 Upland Road,283 Upland Road,206-31-3,9,2019,FY20,3 units,2 units,1,-1,"(42.38484692, -71.12803239)"
372,119 Fayerweather St,119 Fayerweather St,263-107,10,2008,,2 Units,1 Unit,1,-1,"(42.38351846, -71.13681708)"
504,29 Garden St,29 Garden St,172-60,9,2013,FY14,75 Units,73 Units,4,-2,"(42.37881953, -71.12389521)"
606,136 Cushing St,136 Cushing St,256-85,13,2016,FY16,Religious,2 Units,2,2,"(42.37857694, -71.15239038)"
135,1167 Cambridge St,1167 Cambridge St,82-71,3,2000,,Commercial,8 Units,8,8,"(42.37328627, -71.09661701)"
74,24 GARdEN St,24 Garden St,216-18,10,1998,,6 Units,3 Units,3,-3,"(42.37805902, -71.12367375)"
129,52 Aberdeen Ave,52 Aberdeen Ave,252-132,10,2000,,Vacant,1 Unit,1,1,"(42.37657602, -71.14674382)"
344,8 Kirkland Place,8 Kirkland Place,145-28,8,2007,,Vacant,1 Unit,1,1,"(42.37767418, -71.11276867)"
238,19 Ash St,19 Ash St,167-40,10,2005,,3 Units,1 Unit,1,0,"(42.37473938, -71.12521345)"
106,68 BROOKLINE St,68 Brookline St,92-124,5,1999,,Vacant,5 Units,5,5,"(42.36255944, -71.10256495)"
245,1460 Cambridge St,1460 Cambridge St,113-73,6,2005,,Commercial,5 Units,5,5,"(42.37379302, -71.10318002)"
3,11 BIGELOW St,11 Bigelow St,118-27,6,1996,,11 Units,9 Units,9,-2,"(42.36771912, -71.10580454)"
267,40-42 Mt. Pleasant St.,40 Mt Pleasant St,201-123,9,2005,,6 Units,4 Units,4,-2,"(42.38777465, -71.12494588)"
633,54 Reed St,54 Reed St,193-124,11,2016,FY17,2 Units,3 Units,3,1,"(42.39494945, -71.13225121)"
361,303 Third St,303 Third St,29-34,1,2007,,Vacant/Comm,482 Units,482,482,"(42.36404088, -71.08366292)"
206,20 Loomis St,20 Loomis St,267C-46,12,2003,,Vacant Land,4 Units,4,4,"(42.39335333, -71.15495315)"
509,22 Lowell St,22 Lowell St,221-13,10,2013,FY14,3 Units,2 Units,2,-1,"(42.37550882, -71.13306267)"
312,NP North Point Bldg T,2 Earhart St,ERROR: #N/A,1,2006,,Vacant/Industrial,230 Units,230,230,"(42.37105819, -71.07415653)"
542,22-24 Clifton St,24 Clinton St,118-11,11,2014,FY15,3 Units,2 Units,2,-1,"(42.36896214, -71.10533155)"
657,86 School St,86 School St,75-127,4,2017,FY17,1 Unit,1 Unit,1,0,"(42.36391192, -71.09832687)"
766,17-19 Donnell St,17 Donnell St,"229-136,137",9,2019,FY20,2 units,2 units,2,0,"(42.38419093, -71.13221497)"
399,80 Lexington Ave,80 Lexington Ave,247-106,10,2009,,1 Unit,3 Units,3,2,"(42.37811978, -71.1405447)"
559,69 Clarendon Ave,69 Clarendon Ave,184-2,11,2015,FY15,Vacant,2 Units,2,2,"(42.40092071, -71.13093054)"
674,45 Mt Pleasant St,45 Mt Pleasant St,201.5-27,9,2017,FY18,1 unit,3 units,3,2,"(42.3878806, -71.12527344)"
531,533 Putnam Ave,533 Putnam Ave,97-18,5,2014,FY14,2 Units,3 Units,1,1,"(42.35760169, -71.10865692)"
774,33 Parker St,33 Parker St,225-32-2,9,2019,FY20,3 units,2 units,1,-1,"(42.3798713, -71.12860875)"
587,60 Ellery St,60 Ellery St,135-119,6,2015,FY16,9 Units,4 Units,3,-5,"(42.37239806, -71.10983232)"
662,29 Bellis Circle,29 Bellis Circle,271-15,9,2017,FY18,1 unit,1 unit,1,0,"(42.38998393, -71.13419328)"
718,1991-2013 Massachusetts Ave,1991 Massachusetts Ave,181-207,11,2018,FY19,Church/Car Wash,46 units,46,46,"(42.39097664, -71.12142744)"
299,7 Grant St,7 Grant St,132-25,7,2006,,Parking,3 Units,3,3,"(42.36990987, -71.11503489)"
413,72 Cambridge Pkwy.,75 Cambridge Pkwy,12-17,1,2010,,2 Units,1 Unit,1,-1,"(42.3643835, -71.07686011)"
751,32 Roberts Rd,32 Roberts Rd,140-80,6,2019,FY19,2 units,2 units,2,0,"(42.37661857, -71.10828085)"
619,3 Brookline St,3 Brookline Pl,92-130,5,2016,FY17,Vacant,8 units,8,8,"(42.36119934, -71.10324594)"
426,77 Hurley St,77 Hurley St,19-10,1,2010,,Warehouse,1 Unit/Dentist Office,1,1,"(42.36832575, -71.08021683)"
514,20 Traill St,20 Traill St,240-53,10,2013,FY14,1 Unit,2 Units,2,1,"(42.37532838, -71.13614447)"
431,81 PEMBERTON St,81 Pemberton St,199-7,11,2010,,2 Units,1 Unit,1,-1,"(42.39050022, -71.12659076)"
167,30 Elmer St,30 Elmer St,130-128,7,2001,,Vacant,4 Units,4,4,"(42.36602821, -71.11405957)"
33,195 BLDG 2B BINNEY St,195 Binney St,28-33,1,1997,,Factory,23 Units,23,23,"(42.36605628, -71.08416025)"
35,195 BLDG 4 BINNEY St,195 Binney St,28-33,1,1997,,Factory,84 Units,84,84,"(42.36605628, -71.08416025)"
149,10 Murdock St,10 Murdock St,87-147,4,2000,,Vacant,1 Unit,1,1,"(42.37136818, -71.09877757)"
265,2440-2464 Massachusetts Ave,2440 Massachusetts Ave,189-100,11,2005,,Liquor Store,42 Units,42,42,"(42.3979553, -71.1314187)"
46,17 LANCAStER St,17 Lancaster St,176-20,9,1997,,2 Units,1 Unit,1,-1,"(42.38573744, -71.12081122)"
162,8 Bigelow St,8 Bigelow St,118-35,6,2001,,5 Units,10 Units,10,5,"(42.3677671, -71.10544718)"
746,40 Market St,40 Market St,76-116,4,2019,FY19,Parking lots,23 units,23,23,"(42.36820326, -71.0960477)"
280,12A-16 Watson St,12-A Watson St,ERROR: #N/A,5,2005,,2 Units,4 Units,4,2,"(42.36187965, -71.10448028)"
65,286-290 Walden St,155 Garden St,228-30,9,1997,,Vacant Lot,3 Units,3,3,"(42.38552793, -71.13198401)"
574,1971 Massachusetts Ave,1969 Massachusetts Ave,179-51,11,2015,FY15,Commercial,20 Units & Comm,20,20,"(42.39012623, -71.12051184)"
181,311 River St,311 River St,129-34,7,2001,,Vacant,2 Units,2,2,"(42.36231347, -71.11374902)"
689,201-203 Concord Turnpike,201 Concord Turnpike,267.1-281,11,2018,FY18,commercial,320 units,320,320,"(42.39954351, -71.14889009)"
297,3-5 Grant St,3 Grant St,132-28,7,2006,,Parking,3 Units,3,3,"(42.36953639, -71.11498784)"
18,84 Holworthy St,84 Holworthy St,254-30,13,1996,,1 Unit,2 Units,2,1,"(42.37685965, -71.1505653)"
445,1063-1077 Massachusetts Ave,1075 Massachusetts Ave,134-50,6,2011,,Commercial,20 Units,20,20,"(42.37029673, -71.11305725)"
150,12 Old Dee Rd,12 Old Dee Rd,251-236,10,2000,,Vacant Lot,1 Unit,1,1,"(42.37627061, -71.14522305)"
376,125-127 Harvard St/Davis St,345 Harvard St,42-88,4,2008,,Commercial,24 Units,24,24,"(42.3710028, -71.1099371)"
733,40 Cottage St,40 Cottage St,104-92,5,2019,FY19,1 unit,2 units,1,1,"(42.3635239, -71.10761745)"
602,88 Ames St,88 Ames St,44-107,2,2016,FY16,Vacant,280 Units,280,280,"(42.3632618, -71.0877904)"
585,52-54R Cedar St,52 Cedar St,192-56,11,2015,FY16,1 Unit,2 Units,1,1,"(42.39464436, -71.13063998)"
563,9 Dinsmore Ct,9 Dinsmore Ct,220-34,10,2015,FY15,2 Units,1 Unit,1,-1,"(42.37510561, -71.12890479)"
177,23 Orrin St,23 Orrin St,229-20,9,2001,,Vacant Lot,1 Unit,1,1,"(42.38400141, -71.13139871)"
424,298 Harvard St,298 Harvard St,117-70,6,2010,,School,6 Units,6,6,"(42.36955451, -71.10572758)"
694,17-B Jackson St,17 Jackson St,193-55,11,2018,FY18,vacant,1 unit,1,1,"(42.39417699, -71.1350892)"
192,44 Market St,44 Market St,76-4,4,2002,,1 Unit,2 Units,2,1,"(42.36812395, -71.09642161)"
403,176-178 Raymond St,176 Raymond St,204-6,9,2009,,2 Units,2 Units,2,0,"(42.38848311, -71.12849953)"
732,230-232 Chestnut St,230 Chestnut St,100-52,5,2019,FY19,3 units,3 unit,1,0,"(42.35894779, -71.11302376)"
23,13 MSGR OBRIEN HGWY,10 Museum Way,1A-109,1,1996,,Warehouse,435 Units,435,435,"(42.37022964, -71.0715089)"
773,23 May St,23 May St,256-64,13,2019,FY20,vacant,1 unit,1,1,"(42.37875314, -71.15363691)"
287,45 Blackstone St,219 Putnam Ave,129-54,7,2006,,Switchhouse,33 Units,33,33,"(42.3639723, -71.11436816)"
744,16 Kennedy Rd,16 Kennedy Rd,238-83,10,2019,FY19,1 unit,1 unit,1,0,"(42.37824231, -71.13432025)"
578,186-188 River St,59 Kelly Rd,125-101,5,2015,FY15,Comm,3 Units,3,3,"(42.36323564, -71.11023333)"
711,65 Griswald St,65 Griswold St,267B-175,12,2018,FY19,2 units,1 unit,1,-1,"(42.39268536, -71.15625703)"
580,35 Williard St,35 Willard St,220-141,10,2015,FY15,2 Units,1 Unit,1,-1,"(42.37491464, -71.12851025)"
292,7-13 East St,1 Leighton St,1A-86,1,2006,,Industrial,426 Units,426,426,"(42.37007368, -71.07339156)"
60,50 REGENT St,50 Regent St,178-114,11,1997,,Storage,6 Units,6,6,"(42.38935908, -71.12247715)"
119,89 Plymouth St,89 Plymouth St,78-52,3,1999,,Vacant,1 Unit,1,1,"(42.36897876, -71.09429111)"
282,4 Austin Park,4 Austin Park,107-90,6,2006,,2 Units,I Unit,1,-1,"(42.36729862, -71.10422166)"
205,100 Landsdowne St,100 Landsdowne St,68-74,5,2003,,Vacant Land,203 Units,203,203,"(42.35999671, -71.10095296)"
546,192 Franklin St,192 Franklin St,93-36,5,2014,FY15,1 Unit,Vacant,0,-1,"(42.36305089, -71.10339518)"
260,19 Jay St,19 Jay St,125-4,7,2005,,2 Units,3 Units,3,1,"(42.36457332, -71.10996984)"
28,245-247 Washington St,245 Washington St,74-115,4,1996,,6 Units,3 Units,3,-3,"(42.3649945, -71.09655504)"
414,535-545 Cambridge St,535 Cambridge St,35-53,1,2010,,Commercial,4 Units,4,4,"(42.37180101, -71.08516192)"
641,14 Concord Ave,14 Concord Ave,216-4,10,2017,FY17,2 Units,1 Units,1,-1,"(42.37870002, -71.12468483)"
72,12 CORP BURNS Rd,12 Corporal Burns Rd,261-132,9,1998,,Vacant Lot,1 Unit,1,1,"(42.38603681, -71.13758549)"
392,18-20 Tenney St,18 Tenney St,180-26,11,2008,,2 Units,1 Unit,1,-1,"(42.39283979, -71.12087623)"
13,164 REAR Elm St North,164 Elm St North,180-33,11,1996,,1 Unit,3 Units,2,2,"(42.39202031, -71.11978441)"
446,2419 Massachusetts Ave,7 Cameron Ave,184-106,11,2011,,Warehouse,37 Units,37,37,"(42.39787653, -71.13021677)"
383,45-47 Magazine St,45 Magazine St,104-155,5,2008,,4 Units,3 Units,3,-1,"(42.3627684, -71.10724868)"
55,100 OTIS St,100 Otis St,25-33,1,1997,,1 Unit,2 Units,2,1,"(42.37057022, -71.08263267)"
573,12 Malcolm Rd,12 Malcolm Rd,234-111,10,2015,FY15,2 Units,1 Unit,1,-1,"(42.38166229, -71.13931874)"
314,180 Raymond St,180 Raymond St,203B-24,9,2006,,2 Units,2 Units,2,0,"(42.3886788, -71.12842096)"
612,2 Leighton St,2 Leighton St,1A-87,1,2016,FY16,Vacant,265 Units,265,265,"(42.37023719, -71.07381609)"
145,13 Lopez Ave,13 Lopez Ave,19-33,1,2000,,Vacant?,1 Unit,1,1,"(42.36857669, -71.07989581)"
713,212 Hampshire St,212 Hampshire St,110-17,6,2018,FY19,Jazz Club,8 units,8,8,"(42.37333124, -71.10053326)"
499,176 APPLETON St,176 Appleton St,230-62,10,2013,FY14,2 Units,1 Unit,1,-1,"(42.38231907, -71.13354385)"
50,98-100 MONTGOMERY St,55 Montgomery St,190-154,11,1997,,2 Units,5 Unit,5,3,"(42.3951057, -71.13304609)"
467,22-27 Cottage Park Ave,22 Cottage Park Ave,189-102,11,2012,,Commercial,16 Units,16,16,"(42.39863721, -71.13318307)"
336,1 First St,21 Otis St,18-47,1,2007,,Industrial,82 Units,82,82,"(42.37009141, -71.07757496)"
237,196 Aberdeen Ave,1 Aberdeen Way,252A-154,10,2005,,Office,55 Units,55,55,"(42.37750995, -71.14753758)"
182,90-92 Sixth St,90 Sixth St,26-126,1,2001,,2 Units,3 Units,3,1,"(42.36859223, -71.08541616)"
704,24 Winter St,24 Winter St,21-29,1,2018,FY18,1 unit,3 units,2,2,"(42.37225102, -71.08072732)"
351,57 Otis St,57 Otis St,24-110,1,2007,,4 Units,3 Units,3,-1,"(42.37044463, -71.08022695)"
541,69 Clarendon Ave,69 Clarendon Ave,184-2,11,2014,FY15,2 Units,Vacant,0,-2,"(42.40092071, -71.13093054)"
87,2527-2529 Mass Ave,2527 Mass Ave,184-9,11,1998,,Vacant Lot,2 Units,2,2,"(42.39999968, -71.13302158)"
160,16 Bellevue Ave,16 Bellevue Ave,209-34,9,2001,,2 Units,1 Unit,1,-1,"(42.38593052, -71.12608737)"
672,19 MAPLE Ave,19 MAPLE Ave,112-141,6,2017,FY18,Garage,1 unit,1,1,"(42.37247331, -71.10494506)"
765,2 Chetwynd Rd,2 Chetwynd Rd,205-86,9,2019,FY20,1 unit,2 units,2,1,"(42.3862926, -71.12897096)"
605,45 Coolidge Hill Rd,45 Coolidge Hill Rd,242A-119,10,2016,FY16,2 Units,1 Unit,1,-1,"(42.37384062, -71.13904725)"
188,56 Elm St,56 Elm St,86-99,4,2002,,Office,3 Units,3,3,"(42.36849388, -71.09795362)"
407,48-50 Winslow St,48 Winslow St,206-45,9,2009,,2 Units,4 Units,4,2,"(42.385002, -71.12873861)"
173,40 Lopez Ave,40 Lopez St,94-49,5,2001,,Studio,1 Unit,1,1,"(42.36167912, -71.10518138)"
114,184 Harvey St,184 Harvey St,190-258,11,1999,,1 Unit,2 Units,2,1,"(42.39741605, -71.13562219)"
681,64 Winter St,64 Winter St,22-54,1,2017,FY18,garage,1 unit,1,1,"(42.37255456, -71.08130346)"
220,24 Clifton St,24 Clifton St,269-23,11,2004,,1 Unit,2 Units,2,1,"(42.39437417, -71.1364614)"
275,1 Russell St,1 Russell St,181-189,11,2005,,Nursing Home,24 Units,24,24,"(42.39206955, -71.12362584)"
420,45-47 Fenno St,45 Fenno St,205-28,9,2010,,2 Units,1 Unit,1,-1,"(42.38547232, -71.12957937)"
82,5 MAPLE Ave,5 Maple Ave,112-125,6,1998,,3 Units,2 Units,2,-1,"(42.37172188, -71.10548443)"
736,646 Green St,646 Green St,121-16,7,2019,FY19,Garage,1 unit,1,1,"(42.36890461, -71.11260461)"
378,77 Hurley St,77 Hurley St,19-10,1,2008,,Commercial,1 Unit And Dentist Office,1,1,"(42.36832575, -71.08021683)"
231,156 Richdale Ave,156 Richdale Ave,202-20,9,2004,,2 Unit,1 Unit,1,-1,"(42.38899512, -71.12683289)"
363,18 Whitney Ave,18 Whitney Ave,101-153,5,2007,,3 Units,7 Units,7,4,"(42.35947798, -71.11253244)"
452,151 Raymond St,151 Raymond St,202-76,9,2011,,2 Units,2 Units,2,0,"(42.38786319, -71.12768786)"
77,273 HARVARd St,273 Harvard St,108-44,6,1998,,Nursing Home,22 Units Asst Hsg,22,22,"(42.3689905, -71.1031111)"
568,1-6 Jefferson Park,1 Clifton Pl,268A-47,11,2015,FY15,108 Units,Vacant,0,-108,"(42.39353199, -71.13630113)"
8,1271 Cambridge St,1271 Cambridge St,83-67,3,1996,,3 Units,Restaurant,0,-3,"(42.37355764, -71.09869729)"
246,61 Cedar St,61 Cedar St,192-14,11,2005,,2 Units,3 Units,3,1,"(42.39402245, -71.13126969)"
738,3 Hancock St,3 Hancock St,120-11,7,2019,FY19,vacant,2 units,2,2,"(42.36692245, -71.11044331)"
319,120 Rindge Ave,120 Rindge Ave,195-169,11,2006,,Church School,46 Units,46,46,"(42.39265356, -71.12986713)"
510,900 Memorial Drive,900 Memorial Drive,130-144,7,2013,FY14,247 Units,"244 Units, Study Space",0,-3,"(42.36707557, -71.11551459)"
40,86 ELLERY St,86 Ellery St,139-5,6,1997,,3 Units & 7 Rooms,5 Units & 2 Rooms,5,-3,"(42.37344838, -71.10909044)"
649,65 Lincoln St,65 Lincoln St,80-36,3,2017,FY17,2 Units,3 Units,1,1,"(42.37134174, -71.09490113)"
435,111-117 Charles St,111 Charles St,17-89,1,2011,,Comm,4 Units,4,4,"(42.36779729, -71.08133375)"
99,93 Third St,93 Third St,24-85,1,1998,,1 Unit,2 Units,2,1,"(42.36995657, -71.08022243)"
617,104 Amory St,104 Amory St,110-45,6,2016,FY17,2 Units,4 Units,2,2,"(42.3717481, -71.10042576)"
304,40 Highland Ave,40 Highland Ave,112-95,6,2006,,Rooming House,3 Units,3,3,"(42.37280754, -71.10572219)"
272,390 Rindge Ave,390 Rindge Ave,268B-46,11,2005,,Daycare,8 Units,8,8,"(42.39374319, -71.13924143)"
209,1979 Mass Ave,1979 Massachusetts Ave,179-52,11,2003,,Funeral Home,15 Units,15,15,"(42.39033041, -71.12071409)"
600,236 Walden St,236 Walden St,205-5,9,2015,FY16,2 Units,1 Unit,1,-1,"(42.38635333, -71.13021359)"
478,72 Lexington Ave,72 Lexington Ave,247-107,10,2012,,2 Units,1 Unit,1,-1,"(42.37798676, -71.14049828)"
388,265-269 Pearl St,265 Pearl St,102-17,5,2008,,7 Units/Used Furniture Store,9 Units,9,2,"(42.35820161, -71.10980437)"
495,40 Norris St,40 Norris St,192-151,11,2013,FY13,N Cambridge Catholic Hs,25 Units,25,25,"(42.39509596, -71.12965307)"
632,60 Orchard St,60 Orchard St,181-69,11,2016,FY17,2 Units,1 Unit,1,-1,"(42.3919945, -71.12137431)"
759,30 Bellis Circle,30 Bellis Circle,271-25,9,2019,FY20,2 units,1 unit,1,-1,"(42.39004739, -71.13403029)"
346,102-104 Lexington Ave,102 Lexington Ave,247-102,10,2007,,2 Units,2 Units,2,0,"(42.37858393, -71.14069301)"
368,469-471 Concord Ave,475 Concord Ave,261-202,9,2008,,Commercial,3 Townhouses,3,3,"(42.38671791, -71.14013716)"
553,240 Sidney St,240 Sidney St,66-152,5,2014,FY15,Office,96 Units,96,96,"(42.35681768, -71.10597922)"
536,159 Allston St,159 Allston St,97-124,5,2014,FY15,3 Units,Vacant,0,-3,"(42.35873056, -71.10811994)"
104,77 Antrim St,77 Antrim St,114-129,6,1999,,Vacant,1 Unit,1,1,"(42.37217119, -71.1026058)"
610,318 Harvard St,318 Harvard St,116-29,6,2016,FY16,2 Units,1 Unit,1,-1,"(42.37005364, -71.10727175)"
324,3 Bow St,3 Bow St,133-55,7,2007,,Office,Clinic/Group Home,,0,"(42.37198207, -71.11575665)"
595,262 Monsignor O'Brien Hwy,262 Monsignor OBrien Hwy,22-128,1,2015,FY16,Car Wash,56 Units,56,56,"(42.37344052, -71.08192085)"
141,96-98 Ellery St,96 Ellery St,139-8,6,2000,,6 Unit,4 Units,4,-2,"(42.37397698, -71.10870179)"
214,23 Sidney St,23 Sidney St,92-118,5,2003,,Vacant Land,49 Units,49,49,"(42.36223013, -71.10058289)"
726,18 Bates St.,18 Bates St,209-43,9,2019,FY19,1 unit,2 units,2,1,"(42.38414738, -71.12471095)"
622,175 Coolidge Hill Rd,175 Coolidge Hill,242A-105,10,2016,FY17,Vacant,1 Unit,1,1,"(42.37243159, -71.1373531)"
92,206-212 OTIS St,206 Otis St,34-133,1,1998,,Factory/Business,8 Units,8,8,"(42.37108735, -71.08773037)"
484,160-180 Cambridgepark Dr,160 Cambridgepark Dr,267.4-316,11,2013,FY13,Parking Lot,398 Units,398,398,"(42.39498959, -71.14753153)"
700,55 Reed St,55 Reed St,192-28,11,2018,FY18,3 units,2 units,2,-1,"(42.39501519, -71.13201494)"
521,29 Grant St,29 Grant St,132-37,7,2014,FY14,1 Unit,2 Units,1,1,"(42.36994382, -71.11618365)"
67,41 WINTHROP St,41 Winthrop St,162-14,7,1997,,1 Unit,2 Units,2,1,"(42.37164669, -71.11912587)"
241,18-24 Bay State Rd,24 Bay State Rd,261-74,9,2005,,Plumbing Supply,23 Units,23,23,"(42.38706196, -71.14013469)"
252,65 Fayette St,65 Fayette St,113-42,6,2005,,3 Units,2 Units,2,-1,"(42.37342596, -71.10271764)"
627,310-316 Hurley St,312 Hurley St,26-106,1,2016,FY17,1 Unit,5 Units,5,4,"(42.36854064, -71.08440244)"
770,107 First St,105 First St,10-37,1,2019,FY20,commercial,118 units,118,118,"(42.36760825, -71.07780098)"
668,74 Holworthy St,74 Holworthy St,254-32,13,2017,FY18,1 unit,2 units,1,1,"(42.37660673, -71.15050517)"
156,51 Upland Road,51 Upland Road,201-65,9,2000,,2 Units,1 Unit,1,-1,"(42.38813485, -71.12166422)"
199,167 Brattle St,167 Brattle St,238-45,10,2003,,2 Unit,1 Unit,1,-1,"(42.37738904, -71.13588154)"
109,257 Charles St,257 Charles St,32-11,1,1999,,Vacant Lot,1 Unit,1,1,"(42.36840592, -71.08585753)"
331,31 Copley St,31 Copley St,262-103,9,2007,,3 Unit,2 Unit,2,-1,"(42.38501781, -71.13469641)"
463,60 Clifton St,60 Clifton St,269-18,11,2012,,1 Unit,2 Units,1,1,"(42.39531135, -71.13665532)"
685,18-26 Chauncy St,18 Chauncy St,172-61,9,2018,FY18,basment,9 Units,9,9,"(42.37931919, -71.12272732)"
522,115 Harvey St,115 Harvey St,190-189,11,2014,FY14,3 Units,3 Units New Constuction,3,0,"(42.39747075, -71.13380802)"
131,330 BROADWAY,330 Broadway,108-32,6,2000,,Office,3 Units,3,3,"(42.36956941, -71.10217177)"
400,33 Park Ave,33 Park Ave,253-115,13,2009,,2 Units,1 Unit,1,-1,"(42.37799023, -71.1489764)"
769,34 Fairfield St,34 Fairfield St,198-72,9,2019,FY20,2 units,1 unit,1,-1,"(42.39155839, -71.12666809)"
636,253 Walden St,253 Walden St,272-17,9,2016,FY17,Pkg Lot/Warehouse,27 Units,27,27,"(42.386215, -71.13122759)"
695,16 Kennedy Rd,16 Kennedy Rd,238-83,10,2018,FY18,1 units,1 unit,1,0,"(42.37824231, -71.13432025)"
279,63 Walden St,63 Walden St,202-26,9,2005,,2 Units,4 Units,4,2,"(42.38883722, -71.12526634)"
781,8 Van Norden St,8 Van Norden St,195-77,11,2019,FY20,2 units,vacant,0,-2,"(42.3914289, -71.12982185)"
456,42-54 Bay State Road,42 Bay State Road,261-200,9,2012,,Commercial,10 Units,10,9,"(42.38724253, -71.13950416)"
224,182 Elm St North,182 Elm St North,180-18,11,2004,,I Unit/Comm,2 Units/Comm,2,1,"(42.39278419, -71.1204416)"
609,1 Gold Star Road Ct,1 Gold Star Road Ct,184-187,11,2016,FY16,2 Units,1 Unit,1,-1,"(42.39951531, -71.13053895)"
395,135-137 Elm St,135 Elm St,86-19,4,2009,,2 Units,4 Units,4,2,"(42.37022981, -71.09714611)"
307,34 Linnaean St,34 Linnaean St,212-14,9,2006,,8 Units,4 Units,4,-4,"(42.38363734, -71.12304559)"
136,30 Cambridgepark Dr,30 Cambridgepark Dr,265D-52,11,2000,,Vacant,311 Units,311,311,"(42.39442308, -71.14280741)"
564,65 Ellery St,65 Ellery St,135-30,6,2015,FY15,3 Units,1 Unit,1,-1,"(42.37254376, -71.10998789)"
300,13 Grant St,9 Grant St,132-156,7,2006,,Parking,3 Units,3,3,"(42.3696365, -71.11534884)"
227,112 Henry St,112 Henry St,98-9,5,2004,,1 Unit,2 Units,2,1,"(42.35650458, -71.1108411)"
4,11 Blackstone St,11 Blackstone St,129-9,7,1996,,Commercial,11 Units,11,11,"(42.36251394, -71.11440223)"
268,258 Norfolk St,258 Norfolk St,86-15,4,2005,,2 Units,1 Unit,1,-1,"(42.37043108, -71.09774077)"
506,161 Grove St,161 Grove St,266-15,13,2013,FY14,Vacant,1 Unit,1,1,"(42.38295302, -71.1579238)"
439,17 Florence St,17 Florence St,100-35,5,2011,,2 Units,3 Units,3,1,"(42.35862256, -71.1134882)"
432,71 School St,71 School St,74-27,4,2010,,2 Unit,2 Unit,2,0,"(42.36397774, -71.09713604)"
242,16 Bigelow St,16 Bigelow St,118-38,6,2005,,3 Units,2 Units,2,-1,"(42.36808808, -71.10513585)"
81,55 KINNAIRd St,59 Kinnaird St,123-62,7,1998,,Vacant Lot,3 Units,3,3,"(42.36640506, -71.10980655)"
653,75-77 New St,77 New St,264-104,9,2017,FY17,Warehouse,93 Units,93,93,"(42.38905579, -71.14022725)"
168,156 Fifth St,156 Fifth St,26-96,1,2001,,Factory,1 Unit,1,1,"(42.36833177, -71.08371669)"
36,186 BROOKLINE St,186 Brookline St,95-3,5,1997,,1 Unit,2 Units,2,1,"(42.35941249, -71.10573955)"
658,346 Washington St,346 Washington St,91-14,4,2017,FY17,3 Units,2 Units,2,-1,"(42.36546792, -71.09918839)"
474,2 Hemlock Rd,2 Hemlock Rd,231-45,10,2012,,1 Unit,1 Unit,1,0,"(42.3806243, -71.13204524)"
722,97 Pemberton St,97 Pemberton St,199-1,11,2018,FY19,2 units,1 unit,1,-1,"(42.39028645, -71.12694463)"
491,168 Hampshire St,168 Hampshire St,87-37,4,2013,FY13,Kfc Restaurant,11 Units,11,11,"(42.37204208, -71.0989547)"
675,18-20 Myrtle Ave,18 Myrtle Ave,141-54,6,2017,FY18,2 units,1 unit,1,-1,"(42.37722475, -71.10692887)"
427,442 HURON Ave,442 Huron Ave,247-71,10,2010,,2 Units,1 Unit,1,-1,"(42.38052947, -71.14144339)"
590,341 Harvard St,341 Harvard St,135-67,6,2015,FY16,2 Units,1 Unit,1,-1,"(42.37097092, -71.10974958)"
163,8-12 Boardman St,12 Boardman St,76-130,4,2001,,Factory & Offices,20 Units,20,20,"(42.36704781, -71.09675597)"
532,22 Tremont St,22 Tremont St,87-75,4,2014,FY14,2 Units,1 Unit,1,-1,"(42.37014635, -71.09894737)"
680,24 Winter St,24 Winter St,21-29,1,2017,FY18,3 units,1 unit,1,-1,"(42.37225102, -71.08072732)"
663,47 Bishop Allen Dr,47 Bishop Allen Dr,91-23,4,2017,FY18,parking garage,23 units,23,23,"(42.36467609, -71.10011288)"
549,1868 Massachusetts Ave,1868 Massachusetts Ave,177-34,9,2014,FY15,Grocery/Food Store,27 Units W/ Comm,27,27,"(42.38787949, -71.11951922)"
375,345 Harvard St,125 Harvard St,135-106,6,2008,,2 Units,1 Unit,1,-1,"(42.36526118, -71.09330581)"
256,15 Hawthorne Park,15 Hawthorne Park,248-73,10,2005,,2 Units,1 Unit,1,-1,"(42.38201779, -71.14252992)"
648,33 Kinnaird St,33 Kinnaird St,123-6,7,2017,FY17,1 Unit,2 Units,2,1,"(42.36562238, -71.10922202)"
210,388 Norfolk St,388 Norfolk St,82-60,3,2003,,2 Units,1 Unit,1,-1,"(42.37373066, -71.0957808)"
488,13 Greenough Ave,13 Greenough Ave,ERROR: #N/A,6,2013,FY13,Two-Family,One-Family,1,-1,"(42.37353851, -71.10600249)"
113,150 Franklin St,150 Franklin St,92-124,5,1999,,Vacant,5 Units,5,5,"(42.36270657, -71.10230649)"
750,99 Rindge Ave,99 Rindge Ave,196-71,11,2019,FY19,1 unit,2 units,1,1,"(42.39305795, -71.12878476)"
618,102 APPLETON St,102 Appleton St,231-9,10,2016,FY17,1 Unit,2 Units,1,1,"(42.38026818, -71.13390487)"
517,16-18 Bellis Circle,16 Bellis Circle,271-77,9,2014,FY14,Vacant,1 Unit,1,1,"(42.3895158, -71.13367952)"
343,38 Kelley St,38 Kelley St,229-56,9,2007,,1 Unit,1 Unit,1,0,"(42.38311845, -71.13114595)"
124,368 Rindge Ave,368 Rindge Ave,268B-41,11,1999,,1 Unit,3 Units,2,2,"(42.3936892, -71.1386533)"
356,1 Reservoir St,1 Reservoir St,237-11,10,2007,,Part Of Parcel,1 Unit,1,1,"(42.37921222, -71.13762141)"
755,32 Vineyard St,32 Vineyard St,256-34,13,2019,FY19,2 units,1 unit,1,-1,"(42.3787546, -71.15352669)"
554,270 Third St,270 Third St,16-33,1,2014,FY15,Commerical/Vacant,91 Units,91,91,"(42.36594892, -71.08209516)"
459,1-7 Brattle Circle,1 Brattle Cir,246A-59,10,2012,,10 Units,7 Units,7,-3,"(42.37563928, -71.1414099)"
195,52-56 Roberts Rd,52 Roberts Rd,141-65,6,2002,,3 Unit,2 Units,2,-1,"(42.3776481, -71.10802288)"
146,66 Magazine St,66 Magazine St,103-78,5,2000,,Funeral Parlor/Residence,2 Units,2,1,"(42.3619946, -71.1077521)"
777,227 Prospect St,227 Prospect St,110-67,6,2019,FY20,commercial,3 units,3,3,"(42.37112177, -71.10021498)"
49,55 MONTGOMERY St,169 Monsignor Obrien Hwy,193-147,11,1997,,1 Unit,3 Units,3,2,"(42.37181671, -71.07776937)"
526,93 Kirkland St,93 Kirkland St,146A-74,8,2014,FY14,6 Units,4 Units,4,-2,"(42.3781482, -71.10759775)"
712,157 Hamilton St,157 Hamilton St,97-145,5,2018,FY19,1 unit,2 units,1,1,"(42.35953832, -71.10760706)"
558,620 Cambridge St,620 Cambridge St,34-8,1,2015,FY15,Comm & 2 Units,Comm & 2 Units,2,0,"(42.37181088, -71.08671193)"
581,25 Banks St,25 Banks St,132-23,7,2015,FY16,1 Unit,2 Units,1,1,"(42.37010235, -71.11483893)"
690,12 Dinsmore Ct,12 Dinsmore Ct,220-138,10,2018,FY18,2 units,1 unit,1,-1,"(42.37498987, -71.12906685)"
64,91 SHERMAN St,91 Sherman St,271-22,9,1997,,1 Unit,8 Units,8,7,"(42.38851162, -71.13285913)"
640,8-10 Chestnut St,8 Chestnut St,65-45,5,2017,FY17,2 Units,1 Units,1,-1,"(42.35531813, -71.10686449)"
296,108 Gore St,108 Gore St,23-26,1,2006,,Nonprofit,4 Units,4,4,"(42.371987, -71.0826723)"
19,7 JEFFERSON St,7 Jefferson St,36-89,3,1996,,Vacant Lot,4 Units,4,4,"(42.37306655, -71.08847259)"
705,147 Amory St,147 Amory St,110-24,6,2018,FY19,2 units,3 units,1,1,"(42.37256296, -71.10008325)"
283,37 Banks St,37 Banks St,132-25,7,2006,,Parking,3 Units,3,3,"(42.36978811, -71.11469602)"
151,396-398 Putnam Ave,396 Putnam Ave,101-190,5,2000,,2 Units,8 Units,8,6,"(42.36010936, -71.11247919)"
707,139 Bishop Allen Dr,1 Vail Ct,107-76,6,2018,FY19,24 units,vacant,0,-24,"(42.36689947, -71.10383252)"
415,1066 Cambridge St,1066 Cambridge St,80-128,3,2010,,Antique Store/Comm,19 Units,19,19,"(42.37289613, -71.0952782)"
96,245-247 River St,245 River St,126-172,7,1998,,Vacant Lot,6 Units,6,6,"(42.36317808, -71.11191252)"
328,16 Churchill Ave,16 Churchill Ave,184-11,11,2007,,1 Unit,1 Unit,1,0,"(42.40011358, -71.13286041)"
740,78 Holworthy St,78 Holworthy St,254-31,13,2019,FY19,2 units,2 units,2,0,"(42.37672704, -71.1505636)"
410,277 Broadway,277 Broadway,86-82,4,2010,,Gas Station,Comm/9 Units,9,9,"(42.36805808, -71.0974171)"
264,2377-2399 Mass Ave,2377 Mass Ave,183-128,11,2005,,Bus Yard,40 Units,40,40,"(42.39677837, -71.12927223)"
311,206 Norfolk St,206 Norfolk St,86-102,4,2006,,3 Units,3 Units,3,0,"(42.36915214, -71.09851054)"
51,169 MSGR OBRIEN HGWY,98 Montgomery St,1A-6,1,1997,,Factory,Office/104 Units,104,104,"(42.39626129, -71.13336122)"
68,89-95 WINTHROP St,89 Winthrop St,162-74,10,1997,,Retail,Residential/Mercant,8,8,"(42.37239575, -71.12081033)"
200,1445 Cambridge St,1445 Cambridge St,111-41,6,2003,,Office,1 Unit,1,1,"(42.37407591, -71.1026139)"
673,2551 Massachusetts Ave,2551 Massachusetts Ave,186-84,11,2017,FY18,commercial,4 units,4,4,"(42.40020664, -71.13392643)"
178,157 Pleasant St,157 Pleasant St,128-68,5,2001,,Vacant,27 Units,27,27,"(42.3599129, -71.11319329)"
183,265-267 Western Ave,265 Western Ave,122-40,7,2001,,3 Units,4 Units,4,1,"(42.36476768, -71.1120478)"
332,20 Corporal McTernan St,20 Corporal Mcternan St,103-113,5,2007,,School,23 Units,23,23,"(42.3609464, -71.10787246)"
442,15 Homer Ave,15 Homer Ave,252-151,10,2011,,3 Units,1 Unit,1,-2,"(42.37557114, -71.14800478)"
17,1-3 HOLLIS St,1 Hollis St,196-120,11,1996,,Vacant Lot,4 Units,4,4,"(42.39462335, -71.12751061)"
586,10 Dana St,10 Dana St,116-83,6,2015,FY16,1 Condo,2 Condos,2,1,"(42.37016918, -71.10955846)"
371,14 Dover St,14 Dover St,182-71,11,2008,,2 Units,3 Units,3,0,"(42.39474458, -71.12648093)"
717,1699 Massachusetts Ave,1699 Massachusetts Ave,155-32,8,2018,FY19,parking lot,1 unit,1,1,"(42.38306609, -71.11934844)"
503,158 Cushing St,158 Cushing St,257-26,13,2013,FY14,3 Units,3 Units New Constuction,3,0,"(42.37910051, -71.15250956)"
464,111 Clifton St,111 Clifton St,190-55,11,2012,,1 Unit,2 Units,2,1,"(42.39681659, -71.13612578)"
128,56-58 Wendall St,56 Wendell St,149-81,8,1999,,8 Units,3 Units,3,-5,"(42.38153233, -71.11536016)"
339,73 Grozier Rd,73 Grozier Rd,247-142,10,2007,,2 Units,1 Unit,1,-1,"(42.37981786, -71.14190172)"
471,619 Franklin St,619 Franklin St,121-46,7,2012,,2 Units,3 Units,1,1,"(42.36855935, -71.11322468)"
577,26 Reservoir St,26 Reservoir St,232-101,10,2015,FY15,Vacant,1 Unit,1,1,"(42.37926125, -71.13604723)"
360,5-7 Spruce Ave,5 Spruce Ave,254-91,13,2007,,Vacant,4 Units,4,4,"(42.37530664, -71.15060243)"
643,10 Essex St,10 Essex St,90-194,4,2017,FY17,Parking Lot,46 Units,46,46,"(42.36548946, -71.10263832)"
545,23 Florence St,23 Florence St,100-23,5,2014,FY15,2 Units,1 Unit,1,-1,"(42.35873977, -71.11384068)"
32,195 BLDG 2A BINNEY St,195 Binney St,28-33,1,1997,,Factory,38 Units,38,38,"(42.36605628, -71.08416025)"
745,41 Magazine St,41 Magazine St,104-112,5,2019,FY19,1 unit,2 units,2,1,"(42.36299596, -71.10700449)"
337,180 Garden St,180 Garden St,262-48,9,2007,,1 Unit,1 Unit,1,0,"(42.3857973, -71.13295944)"
703,100 Thorndike St,100 Thorndike St,25-62,1,2018,FY18,1 unit,2 units,1,1,"(42.36985667, -71.08250551)"
656,147-R Prospect St,147 Prospect St,108-83,6,2017,FY17,1 Unit,3 Units,3,2,"(42.36899929, -71.10191638)"
614,134-136 Pleasant St,134 Pleasant St,101-27,5,2016,FY16,4 Units,Vacant,0,-4,"(42.36052202, -71.11217716)"
155,49-B Trowbridge St,49 Trowbridge St,135-114,6,2000,,1 Unit,2 Units,2,1,"(42.37271043, -71.11134166)"
601,163 Allston St,163 Allston St,97-125,5,2016,FY16,3 Units,Vacant,0,-3,"(42.35896748, -71.10803844)"
12,1-15 Davenport St,1 Davenport St,179-74,11,1996,,1 Unit,17 Units,17,16,"(42.38975934, -71.11965342)"
727,28 Berkshire St,28 Berkshire St,40-140,3,2019,FY19,3 units,3 units,3,0,"(42.36897905, -71.09151566)"
73,22 GARdEN St,22 Garden St,216-36,10,1998,,3 Units,2 Units,2,-1,"(42.37787284, -71.12354749)"
176,10-12 Newell St,10 Newell St,205-90,9,2001,,Vacant Lot,2 Units,2,2,"(42.38594114, -71.1289468)"
387,60 Middlesex St,60 Middlesex St,195-41,11,2008,,2 Units,1 Unit,1,-1,"(42.39165765, -71.13049796)"
315,61 Rice St,59 Rice St,192-87,11,2006,,2 Units,1 Unit,1,-1,"(42.39437131, -71.12976724)"
447,71 Normandy Ave,71 Normandy Ave,267A-265,12,2011,,1 Unit,2 Units,2,1,"(42.39396648, -71.15590671)"
572,20 Madison St,20 Madison St,227-76,9,2015,FY15,1 Unit,Vacant,0,-1,"(42.38228451, -71.12891499)"
596,241 Norfolk St,241 Norfolk St,87-95,4,2015,FY16,2 Units,3 Units,1,1,"(42.37014706, -71.09817537)"
613,41 Pleasant St,41 Pleasant St,125-52,7,2016,FY16,1 Unit,1 Unit,1,0,"(42.36428077, -71.10806915)"
144,220-222 Hurley St,220 Hurley St,17-91,1,2000,,Vacant,2 Units,2,2,"(42.36827304, -71.08156423)"
498,78 Amory St,78 Amory St,110-42,6,2013,FY14,Two-Family,Two-Family,1,0,"(42.37127011, -71.10077157)"
44,350 HARVARd St,350 Harvard St,116-116,6,1997,,4 Units,3 Units,3,-1,"(42.37085357, -71.1102174)"
251,21 Fayerweather St,21 Fayerweather St,236-25,10,2005,,1 Unit,2 Unit,2,1,"(42.37805799, -71.13794965)"
466,223 Concord Turnpike,223 Concord Turnpike,267.1-276,11,2012,,Vacant Nightclub,227 Units,227,227,"(42.40001759, -71.15060909)"
232,310-324 Rindge Ave,310 Rindge Ave,268A-40,11,2004,,Industrial/Auto Repair,102 Units,102,102,"(42.39274557, -71.13691541)"
628,175 Huron Ave,177 Huron Ave,230-72,10,2016,FY17,1 Unit,2 Units,2,1,"(42.38221241, -71.13162618)"
451,625 Putnam Ave,625 Putnam Ave,66-124,5,2011,,Industrial,40 Units,40,40,"(42.3562961, -71.1063323)"
100,80 UPLAND Rd,80 Upland Rd,177-51,9,1998,,8 Units,4 Units,4,-4,"(42.3875724, -71.12232882)"
364,45-47 William St,45 William St,105-34,5,2007,,18 Room Boarding House,5 Units,5,-13,"(42.36420447, -71.10713273)"
557,117 APPLETON St,117 Appleton St,232-67,10,2015,FY15,2 Units,1 Unit,1,-1,"(42.38059128, -71.13431586)"
540,7 CHANNING St,7 Channing St,240-45,10,2014,FY15,1 Unit,1 Unit,1,0,"(42.37612305, -71.13582943)"
88,12 MELLEN St,12 Mellen St,157-4,8,1998,,Six Units,4 Units,4,-2,"(42.3806964, -71.11865072)"
483,175 Western Ave,175 Western Ave,123-72,7,2012,,Storage Area,2 Units,2,2,"(42.36511502, -71.10962044)"
204,68-70 Lakeview,68 Lakeview Ave,235-59,10,2003,,2 Unit,1 Unit,1,-1,"(42.37842832, -71.13930815)"
671,6 MAPLE Ave,6 MAPLE Ave,113-2,6,2017,FY18,1 unit,2 units,1,1,"(42.37161049, -71.10509838)"
688,671-675 Concord Ave,671 Concord Ave,2.67E-291,12,2018,FY18,commercial,98 units,98,98,"(42.39015933, -71.14985617)"
525,24 Kelly Rd,24 Kelly Rd,104-131,5,2014,FY14,2 Units,2 Units,2,0,"(42.36235311, -71.10926424)"
582,136-140 Banks St,136 Banks St,130-83,7,2015,FY16,1 Unit,3 Units,2,2,"(42.3674335, -71.11461886)"
496,17 PRENTISS ST,17 Prentiss St,ERROR: #N/A,8,2013,FY13,2 Fam,1 Fam,1,-1,"(42.38445408, -71.11814047)"
760,35 Berkshire St,35 Berkshire St,40-96,3,2019,FY20,vacant,4 units,4,4,"(42.36908477, -71.09168277)"
219,68 Bolton St,68 Bolton St,203A-8,9,2004,,1 Unit,6 Units,6,5,"(42.39010057, -71.13222678)"
105,35-37 BLAKE St,35 Blake St,181-19,11,1999,,2 Units,1 Unit,1,-1,"(42.39180684, -71.12121811)"
369,10 Corporal McTernan St,10 Corporal Mcternan St,103-113,5,2008,,Church,19 Units,19,19,"(42.36068803, -71.10746654)"
772,90 Jackson Rd,90 Jackson St,190-46,11,2019,FY20,vacant,2 units,2,2,"(42.39594075, -71.13537789)"
589,7 Exeter St,7 Exeter Pk,154-69,8,2015,FY16,1 Unit,2 Units,2,1,"(42.38484128, -71.11830294)"
699,146-148 Pearl St,146 Pearl St,94-182,5,2018,FY18,1 unit,2 units,2,1,"(42.36114973, -71.10631459)"
518,51 Cedar St,51 Cedar St,192-9,11,2014,FY14,2 Units,3 Units,1,1,"(42.39471822, -71.13106361)"
320,28-40 Spring St,34 Spring St,19-53,1,2006,,Commercial,5 Units,5,5,"(42.36875536, -71.07943573)"
749,160 Norfolk St,160 Norfolk St,88-50,4,2019,FY19,6 units,6 units,6,0,"(42.36803188, -71.09924257)"
41,30-32 FAIRMONT St,30 Fairmont St,101-87,5,1997,,Vacant Lot,3 Units,3,3,"(42.36150522, -71.11073202)"
305,100 Lansdowne,100 Landsdowne St,68-74,5,2006,,1 Unit,Convert To Observation Room,,-1,"(42.35999671, -71.10095296)"
27,152 Vassal Lane,152 Vassal Lane,233-189,10,1996,,1 Unit,2 Units,2,1,"(42.38356861, -71.1388879)"
259,48 Inman St,48 Inman St,108-87,6,2005,,Office,4 Units,4,4,"(42.36948792, -71.10322071)"
159,4-6 Athens St,4 Athens Ter,132-14,7,2001,,Shed,2 Units,2,2,"(42.37005834, -71.11516987)"
652,992 Memorial Drive,992 Memorial Drive,166-71,10,2017,FY17,2 Units,1 Unit,1,-1,"(42.37354488, -71.12620126)"
352,169 Pearl St,169 Pearl St,103-26,5,2007,,5 Units,4 Units,4,-1,"(42.36069696, -71.10709182)"
391,19 SHERMAN St,19 Sherman St,228-11,9,2008,,1 Unit,2 Units,2,1,"(42.38472486, -71.13022939)"
187,127 Cushing St,127 Cushing St,258-13,13,2002,,1 Unit,1 Unit,1,0,"(42.3784133, -71.15195592)"
56,177 PEMBERTON St,177 Pemberton St,195-156,11,1997,,Residential,20 Units,20,20,"(42.39071145, -71.13150513)"
115,15 Kelley St,15 Kelley St,229-164,9,1999,,1 Unit,2 Units,2,1,"(42.38367703, -71.13186993)"
614,134-136 Pleasant St,134 Pleasant St,101-27,5,2016,FY16,Vacant,1 unit,1,1,"(42.36052202, -71.11217716)"
402,194-R Prospect St,194 Prospect St,87-6,4,2009,,Garage,1 Unit,1,1,"(42.37015694, -71.10029389)"
172,42-48 Jackson St,46 Jackson St,193-8,11,2001,,1 Unit,3 Units,3,2,"(42.39491802, -71.13548284)"
140,49 Cushing St,49 Cushing St,254-102,13,2000,,2 Units,3 Units,3,1,"(42.37626496, -71.1514964)"
731,851 Cambridge St,851 Cambridge St,36-266,3,2019,FY19,8 units,vacant,0,-8,"(42.37255817, -71.09099041)"
419,136 Fayerweather St,136 Fayerweather St,263-117,10,2010,,2 Units,1 Unit,1,-1,"(42.38379261, -71.13628497)"
782,31 Winslow Rd,31 Winslow St,206-48,9,2019,FY20,backyard,3 units,3,3,"(42.38490227, -71.12953873)"
24,45 OrchaRd St,45 Orchard St,180-44,11,1996,,1 Unit,2 Units,2,1,"(42.39165836, -71.12059964)"
9,161 Cherry St,161 Cherry St,75-89,4,1996,,Vacant,3 Units,3,3,"(42.36618645, -71.09681815)"
76,607-619 Green St,607 Green St,121-114,7,1998,,Vacant,7 Units,7,7,"(42.36868009, -71.11146887)"
569,11 Kinnaird St,11 Kinnaird St,125-27,7,2015,FY15,2 Units,1 Unit,1,-1,"(42.36442234, -71.10907719)"
291,197 Coolidge Hill Rd,197 Coolidge Hill,242B-54,10,2006,,Single Family,Single Family,1,0,"(42.37289948, -71.13647625)"
120,195 Prospect St,195 Prospect St,109-44,6,1999,,Nursing Home,20 Units,20,20,"(42.37017243, -71.10083411)"
59,36-46 REGENT St,36 Regent St,178-132,11,1997,,Factory,8 Units,8,8,"(42.38953334, -71.12212713)"
379,29 Irving St,29 Irving St,142-175,6,2008,,Parking,1 Unit,1,1,"(42.37597501, -71.11100914)"
236,11-15 Warren St,15 Warren St,36-215,3,2004,,6 Unit,3 Units,3,-3,"(42.37266634, -71.08842516)"
247,243 Charles St,243 Charles St,26-173,1,2005,,4 Units,3 Units,3,-1,"(42.36832194, -71.08531627)"
434,61-69 Bolton St,61 Bolton St,203A-69,9,2011,,Parking,20 Units,20,20,"(42.39039929, -71.1323502)"
511,27 MONTGOMERY St,27 Montgomery St,193-141,11,2013,FY14,2 Units,2 Units,2,0,"(42.39424422, -71.13299248)"
208,853 Main St,853 Main St,91-66,4,2003,,Restaurant,5 Units,5,5,"(42.36346019, -71.09866011)"
667,14 Hardwick Street,14 Hardwick Street,39-62,3,2017,FY18,3 units,2 units,2,-1,"(42.36976797, -71.09036509)"
479,622 Massachusetts Ave,622 Massachusetts Ave,106-123,5,2012,,Commercial Space,21 Units,21,21,"(42.36506672, -71.10345841)"
764,29 Charles St,29 Charles St,10-33,1,2019,FY20,commerical,18 Units,18,18,"(42.36771202, -71.07877242)"
273,280-290 River St,280 River St,127-132,5,2005,,Junk Yard/Vacant,17 Units,17,17,"(42.36241541, -71.1127857)"
384,823 Main St,823 Main St,75-53,4,2008,,Nightclub,10 Units,10,10,"(42.36340641, -71.09774322)"
684,207 Cambridge St,207 Cambridge St,20-98,1,2018,FY18,4 units,vacant,0,-4,"(42.3710605, -71.07931226)"
347,170 Lexington Ave,170 Lexington Ave,247-113,10,2007,,3 Units,2 Units,2,-1,"(42.37992946, -71.14117238)"
550,26 Reservoir St,26 Reservoir St,232-101,10,2014,FY15,1 Unit,Vacant,0,-1,"(42.37926125, -71.13604723)"
537,13 Ash St,13 Ash St,167-76,10,2014,FY15,2 Units,1 Unit,1,-1,"(42.37503726, -71.12494785)"
83,2427-2429 Mass Ave,2427 Massachusetts Ave,184-107,11,1998,,Vacant Lot,7 Units,7,7,"(42.39793661, -71.13055952)"
716,180 Magazine St,180 Magazine St,99-61,5,2018,FY19,3 units,2 units,1,-1,"(42.3571997, -71.11301631)"
215,25 Sunset Road,25 Sunset Road,267B-201,12,2003,,1 Units,2 Units,2,1,"(42.39251223, -71.15700642)"
288,21 Brookline St,21 Brookline St,93-135,5,2006,,Manray,49 Units,49,49,"(42.36326098, -71.10220472)"
152,91 Sidney St,91 Sidney St,92-126,5,2000,,Vacant,135 Units,125,135,"(42.36090216, -71.10222079)"
301,15 Grant St,11 Grant St,132-109,7,2006,,Parking,3 Units,3,3,"(42.36966252, -71.11546637)"
621,80-84 Cambridgepark Dr,80 Cambridgepark Dr,265D-57,11,2016,FY17,Parking Lot,254 Units,254,254,"(42.39313474, -71.14187376)"
753,34 Union St,34 Union St,79-63,3,2019,FY19,2 units,1 unit,1,-1,"(42.37013348, -71.09498481)"
448,77 Oxford Ave,63 Oxford Ave,256-12,13,2011,,1 Unit,2 Units,2,1,"(42.37791073, -71.155367)"
316,113 Richdale Ave,113 Richdale Ave,202-90,9,2006,,Office Supply Bldg,20 Units,20,20,"(42.3891218, -71.12524625)"
433,186 Walden St,186 Walden St,205-61,9,2010,,60 Units,70 Units,70,10,"(42.3868549, -71.12880896)"
411,281 Broadway,281 Broadway,86-98,4,2010,,Car Repair,3 Units,3,3,"(42.36825671, -71.09799064)"
37,954-956 Cambridge St,954 Cambridge St,80-53,3,1997,,Business,2 Units,2,2,"(42.37261191, -71.09300128)"
169,369 Franklin St,369 Franklin St,119-113,7,2001,,Commercial,18 Units,18,18,"(42.36633653, -71.10802376)"
263,12-14 Marcella St,12 Marcella St,37-82,3,2005,,3 Units,4 Units,4,1,"(42.37132746, -71.08946959)"
147,45 Market St,45 Market St,77-15,4,2000,,Single Family,3 Single Family Houses,3,2,"(42.36869265, -71.0964347)"
31,195 BLDG 1 BINNEY St,195 Binney St,28-33,1,1997,,Factory,29 Units,29,29,"(42.36605628, -71.08416025)"
52,136-138 MT AUBURN St,136 Mt Auburn St,166-33,10,1997,,Business,Business/2 Apts.,2,2,"(42.373683, -71.12426099)"
406,12 Traill St,12 Traill St,240-48,10,2009,,1 Unit,1 Unit,1,0,"(42.37591058, -71.13653759)"
191,200 Fayerweather St,200 Fayerweather St,262-89,9,2002,,2 Units,1 Unit,1,-1,"(42.38523453, -71.13388712)"
184,86-94 Winter St,86 Winter St,22-46,1,2001,,3 Units,4 Units,4,1,"(42.3726727, -71.08242436)"
20,98 KINNAIRd St,98 Kinnaird St,121-66,7,1996,,3 Units,2 Units,2,-1,"(42.36746362, -71.11190016)"
423,160-166 Hancock St,160 Hancock St,115-19,6,2010,,5 Units,4 Units,4,-1,"(42.37050359, -71.10644892)"
274,28 Rockingham St,28 Rockingham St,98-40,5,2005,,1 Unit,2 Units,2,1,"(42.35576015, -71.11101706)"
374,72 Hamilton St,72 Hamilton St,96-102,5,2008,,Commercial,11 Units,11,11,"(42.35817629, -71.10607061)"
604,209 Broadway,221 Broadway,42-14,4,2016,FY16,Gas Station,5 Units,5,5,"(42.3666639, -71.09400692)"
735,45-47 Granite St,45 Granite St,99-18,5,2019,FY19,2 units,2 units,2,0,"(42.35649304, -71.11269212)"
565,192 Franklin St,192 Franklin St,93-36,5,2015,FY15,3 Units,2 Units,2,-1,"(42.36305089, -71.10339518)"
306,112 Lexington Ave,112 Lexington Ave,247-100,10,2006,,2 Units,1 Unit,1,-1,"(42.37880838, -71.14078564)"
211,12 Perry St,12 Perry St,103-32,5,2003,,2 Units,5 Units,5,3,"(42.36199757, -71.10681767)"
327,303-305 Cambridge St,303 Cambridge St,21-18,1,2007,,Club,Comm/2Units,2,2,"(42.37126603, -71.08092526)"
108,1-9 Central Square,1 Central Square,106-105,5,1999,,Business/Vacant,72 Units/Holmes Trust,72,72,"(42.36522818, -71.10417766)"
240,42-44 Avon St,42 Avon St,212-55,9,2005,,2 Units,3 Units,3,1,"(42.38300292, -71.12319405)"
243,201 Brookline St,201 Brookline St,97-73,5,2005,,Industrial,6 Units,6,6,"(42.3589974, -71.10658869)"
5,73 BOLTON St,73 Bolton St,203A-15,9,1996,,1 Unit,7 Units,7,6,"(42.39037063, -71.13186123)"
295,89 Gore St,89 Gore St,22-60,1,2006,,1 Unit,2 Units,2,1,"(42.37208686, -71.08186125)"
127,48 Russell St,48 Russell St,180-15,11,1999,,Vacant Lot,2 Units,2,2,"(42.39338081, -71.12130044)"
137,63 Cedar St,63 Cedar St,192-15,11,2000,,Vacant,3 Units,3,3,"(42.39393365, -71.13093317)"
342,63 Inman St,63 Inman St,114-94,6,2007,,18 Unit Rooming House,16 Units,16,-2,"(42.37049722, -71.10276936)"
507,25 High St,25 High St,253-128,13,2013,FY14,2 Units,1 Unit,1,-1,"(42.37829367, -71.14989861)"
269,388 Norfolk St,388 Norfolk St,82-60,3,2005,,Garage,1 Unit,1,1,"(42.37373066, -71.0957808)"
359,163 SHERMAN St,163 Sherman St,194-11,11,2007,,1 Unit,2 Units,2,1,"(42.39174987, -71.13286316)"
80,27 JEFFERSON St,27 Jefferson St,36-96,3,1998,,Vacant Lot,6 Units,6,6,"(42.37314942, -71.08926887)"
196,6 Ashton Pl,6 Ashton Pl,142-174,6,2003,,6 Units,6 Units,6,0,"(42.37611665, -71.11139768)"
438,76 Fayerweather St,76 Fayerweather St,237-34,10,2011,,2 Units,1 Unit,1,-1,"(42.38097896, -71.13724778)"
475,250 Kendall St,250 Kendall St,14-1038,1,2012,,Vacant/Pad,144 Units,144,144,"(42.36359204, -71.08228127)"
768,178 Elm St,178 Elm St,79-5,3,2019,FY20,social,6 units,6,6,"(42.37106285, -71.0964259)"
664,43 Cedar St,2 Mclean Pl,192-6,11,2017,FY18,2 units,2 units,2,0,"(42.39516623, -71.13104062)"
401,38 PORTER Rd,38 Porter Rd,178-126,11,2009,,2 Units,1 Unit,1,-1,"(42.3890191, -71.12142549)"
635,137 Walden St,137 Walden St,202-74,9,2016,FY17,2 Units,2 Units,2,0,"(42.38762707, -71.12729661)"
533,7 Trowbridge Pl,7 Trowbridge Pl,135-14,6,2014,FY14,2 Units,3 Units,1,1,"(42.37249237, -71.11209277)"
696,120 Magazine St,120 Magazine St,102-137,5,2018,FY18,2 units,1 unit,1,-1,"(42.3595434, -71.110464)"
720,120 Norfolk St,120 Norfolk St,89-49,4,2018,FY19,3 units,2 units,2,-1,"(42.36704522, -71.09982877)"
95,354-358 Rindge Ave,354 Rindge Ave,268B-41,11,1998,,Vacant Lot,7 Units,7,7,"(42.39380034, -71.13825709)"
284,47-49 Banks St,47 Banks St,132-113,7,2006,,3 Units,3 Units,3,0,"(42.36950467, -71.11472441)"
416,49 Cedar St,49 Cedar St,192-8,11,2010,,1 Unit,3 Units,3,2,"(42.39489161, -71.13103081)"
396,171 Hamilton St,171 Hamilton St,102-86,5,2009,,Garage,1 Unit,1,1,"(42.35976338, -71.10840075)"
625,39 Hammond St,39 Hammond St,149-93,8,2016,FY17,7 Units,2 Units,2,-5,"(42.38092532, -71.11490938)"
728,30 Berkshire St,30 Berkshire St,40-141,3,2019,FY19,2 units,3 units,3,1,"(42.36905681, -71.09150496)"
741,92-94 Howard St,92 Howard St,123-57,7,2019,FY19,2 units,2 units,2,0,"(42.3665853, -71.11093102)"
465,46 Concord Ave,46 Concord Ave,225-7,10,2012,,Vacant,2 Units,2,1,"(42.38053898, -71.12799564)"
333,166 Cushing St,166 Cushing St,257-24,13,2007,,2 Units,2 Units,2,0,"(42.37942381, -71.15273004)"
576,192 Raymond St,192 Raymond St,203B-25,9,2015,FY15,Vacant,8 Units,8,8,"(42.38905228, -71.12862971)"
428,102-R Inman St,102 Inman St,110-6,6,2010,,2 Units,1 Unit,1,-1,"(42.37201306, -71.10142878)"
597,252 Pearl St,252 Pearl St,97-25,5,2015,FY16,1 Unit,2 Units,1,1,"(42.35856289, -71.1091513)"
529,102-104 Otis St,102 Otis St,25-150,1,2014,FY14,6 Units,4 Units,4,-2,"(42.37059033, -71.08276483)"
644,43 Essex St,43 Essex St,90-36,4,2017,FY17,Daycare,4 Units,4,4,"(42.36726702, -71.101439)"
460,11 Brookford St,11 Brookford St,189-8,11,2012,,2 Units,2 Units,1,0,"(42.39970122, -71.13449229)"
723,300 Putnam Ave,300 Putnam Ave,127-126,5,2018,FY19,commerical,8 units,8,8,"(42.3621786, -71.11343855)"
132,332 BROADWAY,332 Broadway,108-32,6,2000,,Vacant Lot,5 Units,5,5,"(42.36945261, -71.10233682)"
48,14 MELLEN St,14 Mellen St,157-5,8,1997,,3 Units,2 Units,2,-1,"(42.38068478, -71.11841246)"
16,85 HANCOCK St,85 Hancock St,116-92,6,1996,,2 Units,18 Units,18,16,"(42.36885097, -71.1084192)"
164,70-72 Bolton St,70 Bolton St,203A-8,9,2001,,Vacant,2 Units,2,2,"(42.39003397, -71.13223037)"
201,10-18 Decatur St,10 Decatur St,94-38,5,2003,,Commercial,19 Units,19,19,"(42.36068667, -71.10518445)"
69,380 BROADWAY,380 Broadway,115-12,6,1998,,3 Units,2 Units,2,-1,"(42.37103447, -71.10573626)"
63,16 Russell St,16 Russell St,181-41,11,1997,,2 Units,1 Unit,1,-1,"(42.39238337, -71.12283429)"
179,165 Pleasant St,165 Pleasant St,128-68,5,2001,,Vacant,61 Units,61,61,"(42.35982837, -71.11411567)"
278,272 Upland Road,272 Upland Road,206-75,9,2005,,2 Units,1 Unit,1,-1,"(42.38523686, -71.12799152)"
691,17 Fayette St,17 Fayette St,113-67,6,2018,FY18,8 units,7 units,1,-1,"(42.3719001, -71.10404865)"
443,8 Howard St,8 Howard St,125-136,7,2011,,2 Units,1 Unit,1,-1,"(42.36383428, -71.11052615)"
502,563-603 Concord Ave,603 Concord Ave,267F-298,12,2013,FY14,Gas Station/Parking Lot,61 Units,61,61,"(42.38896397, -71.14450593)"
370,26 Donnell St,26 Donnell St,229-25,9,2008,,1 Unit,1 Unit,1,0,"(42.38443171, -71.13160572)"
608,38 Ellery St,38 Ellery St,135-100,6,2016,FY16,2 Units,1 Units,1,-1,"(42.37165373, -71.11036866)"
91,99 OTIS St,99 Otis St,23-97,1,1998,,Church,4 Units,4,4,"(42.370736, -71.08249438)"
112,140 Franklin St,150 Franklin St,92-124,5,1999,,Vacant,34 Units,34,34,"(42.36270657, -71.10230649)"
255,204-206 Harvard St,204 Harvard St,89-57,4,2005,,2 Units,3 Units,3,1,"(42.36703098, -71.09832142)"
228,352 Norfolk St,352 Norfolk St,85-23,3,2004,,2 Unit,2 Unit,2,0,"(42.37284564, -71.09634034)"
323,11-13 York Place,15 York Place,39-96,3,2006,,3 Units,8 Units,8,5,"(42.36926391, -71.09068597)"
487,159 First St,159 First St,16-6,1,2013,FY13,Vacant,115 Units,115,115,"(42.36601784, -71.0781234)"
338,85 Gore St,85 Gore St,22-124,1,2007,,1 Unit,Replacement Unit,1,0,"(42.37202957, -71.08150932)"
123,57 REGENT St,57 Regent St,200-57,11,1999,,Office/Retail,4 Units,4,4,"(42.3893393, -71.12272433)"
470,70 Fawcett St,80 Fawcett St,267F-392,12,2012,,Warehouse,260 Units,429,429,"(42.39118493, -71.14593877)"
355,182-190 Prospect St,182 Prospect St,87-156,4,2007,,8 Units,26 Units,26,18,"(42.36981604, -71.10048908)"
84,2505-2509 Mass Ave,2505 Mass Ave,184-9,11,1998,,Vacant Lot,2 Units,2,2,"(42.39966085, -71.13288718)"
310,12 Museum Way,12 Museum Way,1A-109,1,2006,,2 Units,1 Unit,1,-1,"(42.37035531, -71.0710263)"
659,289-291 Windsor St,289 Windsor St,77-65,4,2017,FY17,3 Units,4 Units,1,1,"(42.36834307, -71.09505755)"
544,33 FAIRMONT St,33 Fairmont Ave,127-34,5,2014,FY15,1 Unit,2 Units,1,1,"(42.36168863, -71.11272345)"
216,217 Western Ave,217 Western Ave,122-172,7,2003,,4 & Retail,6 Units,6,2,"(42.36485596, -71.11094525)"
776,199 Pemberton St,199 Pemberton St,195-86,11,2019,FY20,1 unit,2 units,2,1,"(42.39099212, -71.13192673)"
561,29-40 Cottage Park Ave,29 Cottage Park Ave,189-104,11,2015,FY15,Fawcett Oil,10 Units,10,10,"(42.39845083, -71.13340805)"
639,35 Berkshire St,35 Berkshire St,40-96,3,2017,FY17,3 Units,Vacant,0,-3,"(42.36909345, -71.09168337)"
756,27 Walden St,27 Walden St,199-73,11,2019,FY19,4 units,2 units,2,-2,"(42.39043816, -71.12413174)"
676,41 Reed St,41 Reed St,192-25,11,2017,FY18,2 units,2 units,2,0,"(42.39458417, -71.1320098)"
492,115 Harvey St,115 Harvey St,190-189,11,2013,FY13,3 Units,3 Units,3,0,"(42.39747075, -71.13380802)"
223,22 Donnell St,22 Donnell St,229-24,9,2004,,1 Unit,1 Unit,1,0,"(42.3843394, -71.13180503)"
593,46 Loomis St,46 Loomis St,267C-56,12,2015,FY16,Vacant,2 Units,2,2,"(42.3933764, -71.1540406)"
497,22 Water St,22 Water St,7-113,1,2013,FY13,Commercial,392 Units,392,392,"(42.37280213, -71.07782878)"
455,424-430 Windsor St,424 Windsor St,80-178,3,2011,,Church,14 Units,14,14,"(42.37135504, -71.0936925)"
365,248 Chestnut St,248 Chestnut St,100-75,5,2008,,Vacant,2 Units,2,2,"(42.3592186, -71.11341674)"
708,297 Concord Ave,297 Concord Ave,229-103,9,2018,FY19,gas station,3 units,3,3,"(42.38393637, -71.13374032)"
233,17-19 Saville St,17 Saville St,230-94,10,2004,,1 Unit,2 Units,2,1,"(42.38313864, -71.13410233)"
101,4-6 WESt St,4 West St,108-58,6,1998,,Vacant Lot,2 Units,2,2,"(42.36943934, -71.10368723)"